id,date,District,Sehri (end),Iftar
1,19-02-26,Dhaka,5:12 AM,5:58 PM
2,20-02-26,Dhaka,5:11 AM,5:58 PM
3,21-02-26,Dhaka,5:11 AM,5:59 PM
4,22-02-26,Dhaka,5:10 AM,5:59 PM
5,23-02-26,Dhaka,5:09 AM,6:00 PM
6,24-02-26,Dhaka,5:08 AM,6:00 PM
7,25-02-26,Dhaka,5:08 AM,6:01 PM
8,26-02-26,Dhaka,5:07 AM,6:01 PM
9,27-02-26,Dhaka,5:06 AM,6:02 PM
10,28-02-26,Dhaka,5:05 AM,6:02 PM
11,01-03-26,Dhaka,5:05 AM,6:03 PM
12,02-03-26,Dhaka,5:04 AM,6:03 PM
13,03-03-26,Dhaka,5:03 AM,6:04 PM
14,04-03-26,Dhaka,5:02 AM,6:04 PM
15,05-03-26,Dhaka,5:01 AM,6:05 PM
16,06-03-26,Dhaka,5:00 AM,6:05 PM
17,07-03-26,Dhaka,4:59 AM,6:06 PM
18,08-03-26,Dhaka,4:58 AM,6:06 PM
19,09-03-26,Dhaka,4:57 AM,6:07 PM
20,10-03-26,Dhaka,4:57 AM,6:07 PM
21,11-03-26,Dhaka,4:56 AM,6:07 PM
22,12-03-26,Dhaka,4:55 AM,6:08 PM
23,13-03-26,Dhaka,4:54 AM,6:08 PM
24,14-03-26,Dhaka,4:53 AM,6:09 PM
25,15-03-26,Dhaka,4:52 AM,6:09 PM
26,16-03-26,Dhaka,4:51 AM,6:10 PM
27,17-03-26,Dhaka,4:50 AM,6:10 PM
28,18-03-26,Dhaka,4:49 AM,6:10 PM
29,19-03-26,Dhaka,4:48 AM,6:11 PM
30,20-03-26,Dhaka,4:47 AM,6:11 PM
31,19-02-26,Narayanganj,5:11 AM,5:56 PM
32,20-02-26,Narayanganj,5:10 AM,5:57 PM
33,21-02-26,Narayanganj,5:10 AM,5:57 PM
34,22-02-26,Narayanganj,5:09 AM,5:58 PM
35,23-02-26,Narayanganj,5:08 AM,5:58 PM
36,24-02-26,Narayanganj,5:08 AM,5:59 PM
37,25-02-26,Narayanganj,5:07 AM,6:00 PM
38,26-02-26,Narayanganj,5:06 AM,6:00 PM
39,27-02-26,Narayanganj,5:05 AM,6:00 PM
40,28-02-26,Narayanganj,5:04 AM,6:01 PM
41,01-03-26,Narayanganj,5:04 AM,6:01 PM
42,02-03-26,Narayanganj,5:03 AM,6:02 PM
43,03-03-26,Narayanganj,5:02 AM,6:02 PM
44,04-03-26,Narayanganj,5:01 AM,6:03 PM
45,05-03-26,Narayanganj,5:00 AM,6:03 PM
46,06-03-26,Narayanganj,4:59 AM,6:04 PM
47,07-03-26,Narayanganj,4:58 AM,6:04 PM
48,08-03-26,Narayanganj,4:57 AM,6:05 PM
49,09-03-26,Narayanganj,4:57 AM,6:05 PM
50,10-03-26,Narayanganj,4:56 AM,6:05 PM
51,11-03-26,Narayanganj,4:55 AM,6:06 PM
52,12-03-26,Narayanganj,4:54 AM,6:06 PM
53,13-03-26,Narayanganj,4:53 AM,6:07 PM
54,14-03-26,Narayanganj,4:52 AM,6:07 PM
55,15-03-26,Narayanganj,4:51 AM,6:08 PM
56,16-03-26,Narayanganj,4:50 AM,6:08 PM
57,17-03-26,Narayanganj,4:49 AM,6:08 PM
58,18-03-26,Narayanganj,4:48 AM,6:09 PM
59,19-03-26,Narayanganj,4:47 AM,6:09 PM
60,20-03-26,Narayanganj,4:46 AM,6:10 PM
61,19-02-26,Gazipur,5:11 AM,5:57 PM
62,20-02-26,Gazipur,5:11 AM,5:58 PM
63,21-02-26,Gazipur,5:10 AM,5:58 PM
64,22-02-26,Gazipur,5:09 AM,5:59 PM
65,23-02-26,Gazipur,5:09 AM,5:59 PM
66,24-02-26,Gazipur,5:08 AM,6:00 PM
67,25-02-26,Gazipur,5:07 AM,6:00 PM
68,26-02-26,Gazipur,5:06 AM,6:01 PM
69,27-02-26,Gazipur,5:05 AM,6:01 PM
70,28-02-26,Gazipur,5:05 AM,6:02 PM
71,01-03-26,Gazipur,5:04 AM,6:02 PM
72,02-03-26,Gazipur,5:03 AM,6:03 PM
73,03-03-26,Gazipur,5:02 AM,6:03 PM
74,04-03-26,Gazipur,5:01 AM,6:04 PM
75,05-03-26,Gazipur,5:00 AM,6:04 PM
76,06-03-26,Gazipur,4:59 AM,6:05 PM
77,07-03-26,Gazipur,4:58 AM,6:05 PM
78,08-03-26,Gazipur,4:58 AM,6:06 PM
79,09-03-26,Gazipur,4:57 AM,6:06 PM
80,10-03-26,Gazipur,4:56 AM,6:06 PM
81,11-03-26,Gazipur,4:55 AM,6:07 PM
82,12-03-26,Gazipur,4:54 AM,6:07 PM
83,13-03-26,Gazipur,4:53 AM,6:08 PM
84,14-03-26,Gazipur,4:52 AM,6:08 PM
85,15-03-26,Gazipur,4:51 AM,6:09 PM
86,16-03-26,Gazipur,4:50 AM,6:09 PM
87,17-03-26,Gazipur,4:49 AM,6:09 PM
88,18-03-26,Gazipur,4:48 AM,6:10 PM
89,19-03-26,Gazipur,4:47 AM,6:10 PM
90,20-03-26,Gazipur,4:46 AM,6:11 PM
91,19-02-26,Gopalganj,5:13 AM,6:00 PM
92,20-02-26,Gopalganj,5:13 AM,6:00 PM
93,21-02-26,Gopalganj,5:12 AM,6:01 PM
94,22-02-26,Gopalganj,5:11 AM,6:01 PM
95,23-02-26,Gopalganj,5:11 AM,6:02 PM
96,24-02-26,Gopalganj,5:10 AM,6:02 PM
97,25-02-26,Gopalganj,5:09 AM,6:03 PM
98,26-02-26,Gopalganj,5:08 AM,6:03 PM
99,27-02-26,Gopalganj,5:08 AM,6:04 PM
100,28-02-26,Gopalganj,5:07 AM,6:04 PM
101,01-03-26,Gopalganj,5:06 AM,6:05 PM
102,02-03-26,Gopalganj,5:05 AM,6:05 PM
103,03-03-26,Gopalganj,5:04 AM,6:06 PM
104,04-03-26,Gopalganj,5:03 AM,6:06 PM
105,05-03-26,Gopalganj,5:03 AM,6:07 PM
106,06-03-26,Gopalganj,5:02 AM,6:07 PM
107,07-03-26,Gopalganj,5:01 AM,6:07 PM
108,08-03-26,Gopalganj,5:00 AM,6:08 PM
109,09-03-26,Gopalganj,4:59 AM,6:08 PM
110,10-03-26,Gopalganj,4:58 AM,6:09 PM
111,11-03-26,Gopalganj,4:57 AM,6:09 PM
112,12-03-26,Gopalganj,4:56 AM,6:09 PM
113,13-03-26,Gopalganj,4:55 AM,6:10 PM
114,14-03-26,Gopalganj,4:54 AM,6:10 PM
115,15-03-26,Gopalganj,4:53 AM,6:11 PM
116,16-03-26,Gopalganj,4:52 AM,6:11 PM
117,17-03-26,Gopalganj,4:52 AM,6:11 PM
118,18-03-26,Gopalganj,4:51 AM,6:12 PM
119,19-03-26,Gopalganj,4:50 AM,6:12 PM
120,20-03-26,Gopalganj,4:49 AM,6:13 PM
121,19-02-26,Tangail,5:13 AM,5:58 PM
122,20-02-26,Tangail,5:12 AM,5:59 PM
123,21-02-26,Tangail,5:12 AM,5:59 PM
124,22-02-26,Tangail,5:11 AM,6:00 PM
125,23-02-26,Tangail,5:10 AM,6:00 PM
126,24-02-26,Tangail,5:09 AM,6:01 PM
127,25-02-26,Tangail,5:09 AM,6:02 PM
128,26-02-26,Tangail,5:08 AM,6:02 PM
129,27-02-26,Tangail,5:07 AM,6:03 PM
130,28-02-26,Tangail,5:06 AM,6:03 PM
131,01-03-26,Tangail,5:05 AM,6:04 PM
132,02-03-26,Tangail,5:05 AM,6:04 PM
133,03-03-26,Tangail,5:04 AM,6:05 PM
134,04-03-26,Tangail,5:03 AM,6:05 PM
135,05-03-26,Tangail,5:02 AM,6:06 PM
136,06-03-26,Tangail,5:01 AM,6:06 PM
137,07-03-26,Tangail,5:00 AM,6:07 PM
138,08-03-26,Tangail,4:59 AM,6:07 PM
139,09-03-26,Tangail,4:58 AM,6:08 PM
140,10-03-26,Tangail,4:57 AM,6:08 PM
141,11-03-26,Tangail,4:56 AM,6:08 PM
142,12-03-26,Tangail,4:55 AM,6:09 PM
143,13-03-26,Tangail,4:54 AM,6:09 PM
144,14-03-26,Tangail,4:53 AM,6:10 PM
145,15-03-26,Tangail,4:52 AM,6:10 PM
146,16-03-26,Tangail,4:51 AM,6:11 PM
147,17-03-26,Tangail,4:50 AM,6:11 PM
148,18-03-26,Tangail,4:49 AM,6:12 PM
149,19-03-26,Tangail,4:48 AM,6:12 PM
150,20-03-26,Tangail,4:47 AM,6:12 PM
151,19-02-26,Narsingdi,5:10 AM,5:55 PM
152,20-02-26,Narsingdi,5:10 AM,5:56 PM
153,21-02-26,Narsingdi,5:09 AM,5:57 PM
154,22-02-26,Narsingdi,5:08 AM,5:57 PM
155,23-02-26,Narsingdi,5:07 AM,5:58 PM
156,24-02-26,Narsingdi,5:07 AM,5:58 PM
157,25-02-26,Narsingdi,5:06 AM,5:59 PM
158,26-02-26,Narsingdi,5:05 AM,5:59 PM
159,27-02-26,Narsingdi,5:04 AM,6:00 PM
160,28-02-26,Narsingdi,5:03 AM,6:00 PM
161,01-03-26,Narsingdi,5:03 AM,6:01 PM
162,02-03-26,Narsingdi,5:02 AM,6:01 PM
163,03-03-26,Narsingdi,5:01 AM,6:02 PM
164,04-03-26,Narsingdi,5:00 AM,6:02 PM
165,05-03-26,Narsingdi,4:59 AM,6:03 PM
166,06-03-26,Narsingdi,4:58 AM,6:03 PM
167,07-03-26,Narsingdi,4:57 AM,6:04 PM
168,08-03-26,Narsingdi,4:56 AM,6:04 PM
169,09-03-26,Narsingdi,4:56 AM,6:04 PM
170,10-03-26,Narsingdi,4:55 AM,6:05 PM
171,11-03-26,Narsingdi,4:54 AM,6:05 PM
172,12-03-26,Narsingdi,4:53 AM,6:06 PM
173,13-03-26,Narsingdi,4:52 AM,6:06 PM
174,14-03-26,Narsingdi,4:51 AM,6:07 PM
175,15-03-26,Narsingdi,4:50 AM,6:07 PM
176,16-03-26,Narsingdi,4:49 AM,6:07 PM
177,17-03-26,Narsingdi,4:48 AM,6:08 PM
178,18-03-26,Narsingdi,4:47 AM,6:08 PM
179,19-03-26,Narsingdi,4:46 AM,6:09 PM
180,20-03-26,Narsingdi,4:45 AM,6:09 PM
181,19-02-26,Faridpur,5:13 AM,6:00 PM
182,20-02-26,Faridpur,5:12 AM,6:01 PM
183,21-02-26,Faridpur,5:12 AM,6:01 PM
184,22-02-26,Faridpur,5:11 AM,6:02 PM
185,23-02-26,Faridpur,5:10 AM,6:02 PM
186,24-02-26,Faridpur,5:10 AM,6:03 PM
187,25-02-26,Faridpur,5:09 AM,6:03 PM
188,26-02-26,Faridpur,5:08 AM,6:04 PM
189,27-02-26,Faridpur,5:07 AM,6:04 PM
190,28-02-26,Faridpur,5:06 AM,6:05 PM
191,01-03-26,Faridpur,5:06 AM,6:05 PM
192,02-03-26,Faridpur,5:05 AM,6:06 PM
193,03-03-26,Faridpur,5:04 AM,6:06 PM
194,04-03-26,Faridpur,5:03 AM,6:07 PM
195,05-03-26,Faridpur,5:02 AM,6:07 PM
196,06-03-26,Faridpur,5:01 AM,6:08 PM
197,07-03-26,Faridpur,5:00 AM,6:08 PM
198,08-03-26,Faridpur,5:00 AM,6:08 PM
199,09-03-26,Faridpur,4:59 AM,6:09 PM
200,10-03-26,Faridpur,4:58 AM,6:09 PM
201,11-03-26,Faridpur,4:57 AM,6:10 PM
202,12-03-26,Faridpur,4:56 AM,6:10 PM
203,13-03-26,Faridpur,4:55 AM,6:11 PM
204,14-03-26,Faridpur,4:54 AM,6:11 PM
205,15-03-26,Faridpur,4:53 AM,6:11 PM
206,16-03-26,Faridpur,4:52 AM,6:12 PM
207,17-03-26,Faridpur,4:51 AM,6:12 PM
208,18-03-26,Faridpur,4:50 AM,6:13 PM
209,19-03-26,Faridpur,4:49 AM,6:13 PM
210,20-03-26,Faridpur,4:48 AM,6:13 PM
211,19-02-26,Madaripur,5:12 AM,5:59 PM
212,20-02-26,Madaripur,5:12 AM,5:59 PM
213,21-02-26,Madaripur,5:11 AM,6:00 PM
214,22-02-26,Madaripur,5:10 AM,6:00 PM
215,23-02-26,Madaripur,5:10 AM,6:01 PM
216,24-02-26,Madaripur,5:09 AM,6:01 PM
217,25-02-26,Madaripur,5:08 AM,6:02 PM
218,26-02-26,Madaripur,5:07 AM,6:02 PM
219,27-02-26,Madaripur,5:07 AM,6:03 PM
220,28-02-26,Madaripur,5:06 AM,6:03 PM
221,01-03-26,Madaripur,5:05 AM,6:04 PM
222,02-03-26,Madaripur,5:04 AM,6:04 PM
223,03-03-26,Madaripur,5:03 AM,6:05 PM
224,04-03-26,Madaripur,5:03 AM,6:05 PM
225,05-03-26,Madaripur,5:02 AM,6:05 PM
226,06-03-26,Madaripur,5:01 AM,6:06 PM
227,07-03-26,Madaripur,5:00 AM,6:06 PM
228,08-03-26,Madaripur,4:59 AM,6:07 PM
229,09-03-26,Madaripur,4:58 AM,6:07 PM
230,10-03-26,Madaripur,4:57 AM,6:08 PM
231,11-03-26,Madaripur,4:56 AM,6:08 PM
232,12-03-26,Madaripur,4:55 AM,6:08 PM
233,13-03-26,Madaripur,4:54 AM,6:09 PM
234,14-03-26,Madaripur,4:54 AM,6:09 PM
235,15-03-26,Madaripur,4:53 AM,6:10 PM
236,16-03-26,Madaripur,4:52 AM,6:10 PM
237,17-03-26,Madaripur,4:51 AM,6:10 PM
238,18-03-26,Madaripur,4:50 AM,6:11 PM
239,19-03-26,Madaripur,4:49 AM,6:11 PM
240,20-03-26,Madaripur,4:48 AM,6:12 PM
241,19-02-26,Manikganj,5:13 AM,5:59 PM
242,20-02-26,Manikganj,5:12 AM,6:00 PM
243,21-02-26,Manikganj,5:12 AM,6:00 PM
244,22-02-26,Manikganj,5:11 AM,6:01 PM
245,23-02-26,Manikganj,5:10 AM,6:01 PM
246,24-02-26,Manikganj,5:09 AM,6:02 PM
247,25-02-26,Manikganj,5:09 AM,6:02 PM
248,26-02-26,Manikganj,5:08 AM,6:03 PM
249,27-02-26,Manikganj,5:07 AM,6:03 PM
250,28-02-26,Manikganj,5:06 AM,6:04 PM
251,01-03-26,Manikganj,5:06 AM,6:04 PM
252,02-03-26,Manikganj,5:05 AM,6:05 PM
253,03-03-26,Manikganj,5:04 AM,6:05 PM
254,04-03-26,Manikganj,5:03 AM,6:06 PM
255,05-03-26,Manikganj,5:02 AM,6:06 PM
256,06-03-26,Manikganj,5:01 AM,6:07 PM
257,07-03-26,Manikganj,5:00 AM,6:07 PM
258,08-03-26,Manikganj,4:59 AM,6:07 PM
259,09-03-26,Manikganj,4:58 AM,6:08 PM
260,10-03-26,Manikganj,4:58 AM,6:08 PM
261,11-03-26,Manikganj,4:57 AM,6:09 PM
262,12-03-26,Manikganj,4:56 AM,6:09 PM
263,13-03-26,Manikganj,4:55 AM,6:10 PM
264,14-03-26,Manikganj,4:54 AM,6:10 PM
265,15-03-26,Manikganj,4:53 AM,6:11 PM
266,16-03-26,Manikganj,4:52 AM,6:11 PM
267,17-03-26,Manikganj,4:51 AM,6:11 PM
268,18-03-26,Manikganj,4:50 AM,6:12 PM
269,19-03-26,Manikganj,4:49 AM,6:12 PM
270,20-03-26,Manikganj,4:48 AM,6:13 PM
271,19-02-26,Munshiganj,5:11 AM,5:57 PM
272,20-02-26,Munshiganj,5:10 AM,5:58 PM
273,21-02-26,Munshiganj,5:10 AM,5:58 PM
274,22-02-26,Munshiganj,5:09 AM,5:59 PM
275,23-02-26,Munshiganj,5:08 AM,5:59 PM
276,24-02-26,Munshiganj,5:08 AM,6:00 PM
277,25-02-26,Munshiganj,5:07 AM,6:01 PM
278,26-02-26,Munshiganj,5:06 AM,6:01 PM
279,27-02-26,Munshiganj,5:05 AM,6:01 PM
280,28-02-26,Munshiganj,5:05 AM,6:02 PM
281,01-03-26,Munshiganj,5:04 AM,6:02 PM
282,02-03-26,Munshiganj,5:03 AM,6:03 PM
283,03-03-26,Munshiganj,5:02 AM,6:03 PM
284,04-03-26,Munshiganj,5:01 AM,6:04 PM
285,05-03-26,Munshiganj,5:00 AM,6:04 PM
286,06-03-26,Munshiganj,4:59 AM,6:05 PM
287,07-03-26,Munshiganj,4:59 AM,6:05 PM
288,08-03-26,Munshiganj,4:58 AM,6:06 PM
289,09-03-26,Munshiganj,4:57 AM,6:06 PM
290,10-03-26,Munshiganj,4:56 AM,6:06 PM
291,11-03-26,Munshiganj,4:55 AM,6:07 PM
292,12-03-26,Munshiganj,4:54 AM,6:07 PM
293,13-03-26,Munshiganj,4:53 AM,6:08 PM
294,14-03-26,Munshiganj,4:52 AM,6:08 PM
295,15-03-26,Munshiganj,4:51 AM,6:09 PM
296,16-03-26,Munshiganj,4:50 AM,6:09 PM
297,17-03-26,Munshiganj,4:49 AM,6:09 PM
298,18-03-26,Munshiganj,4:48 AM,6:10 PM
299,19-03-26,Munshiganj,4:47 AM,6:10 PM
300,20-03-26,Munshiganj,4:46 AM,6:11 PM
301,19-02-26,Rajbari,5:15 AM,6:01 PM
302,20-02-26,Rajbari,5:14 AM,6:01 PM
303,21-02-26,Rajbari,5:13 AM,6:02 PM
304,22-02-26,Rajbari,5:13 AM,6:02 PM
305,23-02-26,Rajbari,5:12 AM,6:03 PM
306,24-02-26,Rajbari,5:11 AM,6:03 PM
307,25-02-26,Rajbari,5:10 AM,6:04 PM
308,26-02-26,Rajbari,5:10 AM,6:04 PM
309,27-02-26,Rajbari,5:09 AM,6:05 PM
310,28-02-26,Rajbari,5:08 AM,6:05 PM
311,01-03-26,Rajbari,5:07 AM,6:06 PM
312,02-03-26,Rajbari,5:06 AM,6:06 PM
313,03-03-26,Rajbari,5:05 AM,6:07 PM
314,04-03-26,Rajbari,5:05 AM,6:07 PM
315,05-03-26,Rajbari,5:04 AM,6:08 PM
316,06-03-26,Rajbari,5:03 AM,6:08 PM
317,07-03-26,Rajbari,5:02 AM,6:09 PM
318,08-03-26,Rajbari,5:01 AM,6:09 PM
319,09-03-26,Rajbari,5:00 AM,6:09 PM
320,10-03-26,Rajbari,4:59 AM,6:10 PM
321,11-03-26,Rajbari,4:58 AM,6:10 PM
322,12-03-26,Rajbari,4:57 AM,6:11 PM
323,13-03-26,Rajbari,4:56 AM,6:11 PM
324,14-03-26,Rajbari,4:55 AM,6:12 PM
325,15-03-26,Rajbari,4:54 AM,6:12 PM
326,16-03-26,Rajbari,4:53 AM,6:12 PM
327,17-03-26,Rajbari,4:52 AM,6:13 PM
328,18-03-26,Rajbari,4:51 AM,6:13 PM
329,19-03-26,Rajbari,4:50 AM,6:14 PM
330,20-03-26,Rajbari,4:49 AM,6:14 PM
331,19-02-26,Kishoreganj,5:09 AM,5:55 PM
332,20-02-26,Kishoreganj,5:09 AM,5:55 PM
333,21-02-26,Kishoreganj,5:08 AM,5:56 PM
334,22-02-26,Kishoreganj,5:07 AM,5:57 PM
335,23-02-26,Kishoreganj,5:06 AM,5:57 PM
336,24-02-26,Kishoreganj,5:06 AM,5:58 PM
337,25-02-26,Kishoreganj,5:05 AM,5:58 PM
338,26-02-26,Kishoreganj,5:04 AM,5:59 PM
339,27-02-26,Kishoreganj,5:03 AM,5:59 PM
340,28-02-26,Kishoreganj,5:02 AM,6:00 PM
341,01-03-26,Kishoreganj,5:02 AM,6:00 PM
342,02-03-26,Kishoreganj,5:01 AM,6:01 PM
343,03-03-26,Kishoreganj,5:00 AM,6:01 PM
344,04-03-26,Kishoreganj,4:59 AM,6:02 PM
345,05-03-26,Kishoreganj,4:58 AM,6:02 PM
346,06-03-26,Kishoreganj,4:57 AM,6:03 PM
347,07-03-26,Kishoreganj,4:56 AM,6:03 PM
348,08-03-26,Kishoreganj,4:55 AM,6:04 PM
349,09-03-26,Kishoreganj,4:54 AM,6:04 PM
350,10-03-26,Kishoreganj,4:53 AM,6:05 PM
351,11-03-26,Kishoreganj,4:52 AM,6:05 PM
352,12-03-26,Kishoreganj,4:51 AM,6:06 PM
353,13-03-26,Kishoreganj,4:50 AM,6:06 PM
354,14-03-26,Kishoreganj,4:49 AM,6:06 PM
355,15-03-26,Kishoreganj,4:48 AM,6:07 PM
356,16-03-26,Kishoreganj,4:47 AM,6:07 PM
357,17-03-26,Kishoreganj,4:46 AM,6:08 PM
358,18-03-26,Kishoreganj,4:45 AM,6:08 PM
359,19-03-26,Kishoreganj,4:44 AM,6:09 PM
360,20-03-26,Kishoreganj,4:43 AM,6:09 PM
361,19-02-26,Shariatpur,5:11 AM,5:57 PM
362,20-02-26,Shariatpur,5:11 AM,5:58 PM
363,21-02-26,Shariatpur,5:10 AM,5:58 PM
364,22-02-26,Shariatpur,5:09 AM,5:59 PM
365,23-02-26,Shariatpur,5:09 AM,6:00 PM
366,24-02-26,Shariatpur,5:08 AM,6:00 PM
367,25-02-26,Shariatpur,5:07 AM,6:01 PM
368,26-02-26,Shariatpur,5:06 AM,6:01 PM
369,27-02-26,Shariatpur,5:06 AM,6:02 PM
370,28-02-26,Shariatpur,5:05 AM,6:02 PM
371,01-03-26,Shariatpur,5:04 AM,6:02 PM
372,02-03-26,Shariatpur,5:03 AM,6:03 PM
373,03-03-26,Shariatpur,5:02 AM,6:03 PM
374,04-03-26,Shariatpur,5:02 AM,6:04 PM
375,05-03-26,Shariatpur,5:01 AM,6:04 PM
376,06-03-26,Shariatpur,5:00 AM,6:05 PM
377,07-03-26,Shariatpur,4:59 AM,6:05 PM
378,08-03-26,Shariatpur,4:58 AM,6:06 PM
379,09-03-26,Shariatpur,4:57 AM,6:06 PM
380,10-03-26,Shariatpur,4:56 AM,6:06 PM
381,11-03-26,Shariatpur,4:55 AM,6:07 PM
382,12-03-26,Shariatpur,4:54 AM,6:07 PM
383,13-03-26,Shariatpur,4:53 AM,6:08 PM
384,14-03-26,Shariatpur,4:52 AM,6:08 PM
385,15-03-26,Shariatpur,4:51 AM,6:09 PM
386,16-03-26,Shariatpur,4:51 AM,6:09 PM
387,17-03-26,Shariatpur,4:50 AM,6:09 PM
388,18-03-26,Shariatpur,4:49 AM,6:10 PM
389,19-03-26,Shariatpur,4:48 AM,6:10 PM
390,20-03-26,Shariatpur,4:47 AM,6:10 PM
391,19-02-26,Sylhet,5:04 AM,5:50 PM
392,20-02-26,Sylhet,5:04 AM,5:51 PM
393,21-02-26,Sylhet,5:03 AM,5:52 PM
394,22-02-26,Sylhet,5:02 AM,5:52 PM
395,23-02-26,Sylhet,5:02 AM,5:53 PM
396,24-02-26,Sylhet,5:01 AM,5:53 PM
397,25-02-26,Sylhet,5:00 AM,5:54 PM
398,26-02-26,Sylhet,4:59 AM,5:54 PM
399,27-02-26,Sylhet,4:58 AM,5:55 PM
400,28-02-26,Sylhet,4:57 AM,5:55 PM
401,01-03-26,Sylhet,4:57 AM,5:56 PM
402,02-03-26,Sylhet,4:56 AM,5:56 PM
403,03-03-26,Sylhet,4:55 AM,5:57 PM
404,04-03-26,Sylhet,4:54 AM,5:57 PM
405,05-03-26,Sylhet,4:53 AM,5:58 PM
406,06-03-26,Sylhet,4:52 AM,5:58 PM
407,07-03-26,Sylhet,4:51 AM,5:59 PM
408,08-03-26,Sylhet,4:50 AM,5:59 PM
409,09-03-26,Sylhet,4:49 AM,6:00 PM
410,10-03-26,Sylhet,4:48 AM,6:00 PM
411,11-03-26,Sylhet,4:47 AM,6:01 PM
412,12-03-26,Sylhet,4:46 AM,6:01 PM
413,13-03-26,Sylhet,4:45 AM,6:02 PM
414,14-03-26,Sylhet,4:44 AM,6:02 PM
415,15-03-26,Sylhet,4:43 AM,6:03 PM
416,16-03-26,Sylhet,4:42 AM,6:03 PM
417,17-03-26,Sylhet,4:41 AM,6:03 PM
418,18-03-26,Sylhet,4:40 AM,6:04 PM
419,19-03-26,Sylhet,4:39 AM,6:04 PM
420,20-03-26,Sylhet,4:38 AM,6:05 PM
421,19-02-26,Moulvibazar,5:05 AM,5:51 PM
422,20-02-26,Moulvibazar,5:04 AM,5:51 PM
423,21-02-26,Moulvibazar,5:04 AM,5:52 PM
424,22-02-26,Moulvibazar,5:03 AM,5:53 PM
425,23-02-26,Moulvibazar,5:02 AM,5:53 PM
426,24-02-26,Moulvibazar,5:02 AM,5:54 PM
427,25-02-26,Moulvibazar,5:01 AM,5:54 PM
428,26-02-26,Moulvibazar,5:00 AM,5:55 PM
429,27-02-26,Moulvibazar,4:59 AM,5:55 PM
430,28-02-26,Moulvibazar,4:58 AM,5:56 PM
431,01-03-26,Moulvibazar,4:57 AM,5:56 PM
432,02-03-26,Moulvibazar,4:57 AM,5:57 PM
433,03-03-26,Moulvibazar,4:56 AM,5:57 PM
434,04-03-26,Moulvibazar,4:55 AM,5:58 PM
435,05-03-26,Moulvibazar,4:54 AM,5:58 PM
436,06-03-26,Moulvibazar,4:53 AM,5:59 PM
437,07-03-26,Moulvibazar,4:52 AM,5:59 PM
438,08-03-26,Moulvibazar,4:51 AM,6:00 PM
439,09-03-26,Moulvibazar,4:50 AM,6:00 PM
440,10-03-26,Moulvibazar,4:49 AM,6:01 PM
441,11-03-26,Moulvibazar,4:48 AM,6:01 PM
442,12-03-26,Moulvibazar,4:47 AM,6:01 PM
443,13-03-26,Moulvibazar,4:46 AM,6:02 PM
444,14-03-26,Moulvibazar,4:45 AM,6:02 PM
445,15-03-26,Moulvibazar,4:44 AM,6:03 PM
446,16-03-26,Moulvibazar,4:43 AM,6:03 PM
447,17-03-26,Moulvibazar,4:42 AM,6:04 PM
448,18-03-26,Moulvibazar,4:41 AM,6:04 PM
449,19-03-26,Moulvibazar,4:40 AM,6:05 PM
450,20-03-26,Moulvibazar,4:39 AM,6:05 PM
451,19-02-26,Habiganj,5:08 AM,5:53 PM
452,20-02-26,Habiganj,5:07 AM,5:53 PM
453,21-02-26,Habiganj,5:06 AM,5:54 PM
454,22-02-26,Habiganj,5:06 AM,5:54 PM
455,23-02-26,Habiganj,5:05 AM,5:55 PM
456,24-02-26,Habiganj,5:04 AM,5:56 PM
457,25-02-26,Habiganj,5:03 AM,5:56 PM
458,26-02-26,Habiganj,5:02 AM,5:57 PM
459,27-02-26,Habiganj,5:02 AM,5:57 PM
460,28-02-26,Habiganj,5:01 AM,5:58 PM
461,01-03-26,Habiganj,5:00 AM,5:58 PM
462,02-03-26,Habiganj,4:59 AM,5:59 PM
463,03-03-26,Habiganj,4:58 AM,5:59 PM
464,04-03-26,Habiganj,4:57 AM,6:00 PM
465,05-03-26,Habiganj,4:56 AM,6:00 PM
466,06-03-26,Habiganj,4:55 AM,6:01 PM
467,07-03-26,Habiganj,4:55 AM,6:01 PM
468,08-03-26,Habiganj,4:54 AM,6:01 PM
469,09-03-26,Habiganj,4:53 AM,6:02 PM
470,10-03-26,Habiganj,4:52 AM,6:02 PM
471,11-03-26,Habiganj,4:51 AM,6:03 PM
472,12-03-26,Habiganj,4:50 AM,6:03 PM
473,13-03-26,Habiganj,4:49 AM,6:04 PM
474,14-03-26,Habiganj,4:48 AM,6:04 PM
475,15-03-26,Habiganj,4:47 AM,6:05 PM
476,16-03-26,Habiganj,4:46 AM,6:05 PM
477,17-03-26,Habiganj,4:45 AM,6:05 PM
478,18-03-26,Habiganj,4:44 AM,6:06 PM
479,19-03-26,Habiganj,4:43 AM,6:06 PM
480,20-03-26,Habiganj,4:41 AM,6:07 PM
481,19-02-26,Sunamganj,5:08 AM,5:53 PM
482,20-02-26,Sunamganj,5:07 AM,5:54 PM
483,21-02-26,Sunamganj,5:06 AM,5:54 PM
484,22-02-26,Sunamganj,5:05 AM,5:55 PM
485,23-02-26,Sunamganj,5:05 AM,5:55 PM
486,24-02-26,Sunamganj,5:04 AM,5:56 PM
487,25-02-26,Sunamganj,5:03 AM,5:56 PM
488,26-02-26,Sunamganj,5:02 AM,5:57 PM
489,27-02-26,Sunamganj,5:01 AM,5:57 PM
490,28-02-26,Sunamganj,5:01 AM,5:58 PM
491,01-03-26,Sunamganj,5:00 AM,5:59 PM
492,02-03-26,Sunamganj,4:59 AM,5:59 PM
493,03-03-26,Sunamganj,4:58 AM,6:00 PM
494,04-03-26,Sunamganj,4:57 AM,6:00 PM
495,05-03-26,Sunamganj,4:56 AM,6:01 PM
496,06-03-26,Sunamganj,4:55 AM,6:01 PM
497,07-03-26,Sunamganj,4:54 AM,6:02 PM
498,08-03-26,Sunamganj,4:53 AM,6:02 PM
499,09-03-26,Sunamganj,4:52 AM,6:03 PM
500,10-03-26,Sunamganj,4:51 AM,6:03 PM
501,11-03-26,Sunamganj,4:50 AM,6:03 PM
502,12-03-26,Sunamganj,4:49 AM,6:04 PM
503,13-03-26,Sunamganj,4:48 AM,6:04 PM
504,14-03-26,Sunamganj,4:47 AM,6:05 PM
505,15-03-26,Sunamganj,4:46 AM,6:05 PM
506,16-03-26,Sunamganj,4:45 AM,6:06 PM
507,17-03-26,Sunamganj,4:44 AM,6:06 PM
508,18-03-26,Sunamganj,4:43 AM,6:07 PM
509,19-03-26,Sunamganj,4:42 AM,6:07 PM
510,20-03-26,Sunamganj,4:41 AM,6:08 PM
511,19-02-26,Sirajganj,5:15 AM,6:00 PM
512,20-02-26,Sirajganj,5:14 AM,6:01 PM
513,21-02-26,Sirajganj,5:13 AM,6:01 PM
514,22-02-26,Sirajganj,5:13 AM,6:02 PM
515,23-02-26,Sirajganj,5:12 AM,6:02 PM
516,24-02-26,Sirajganj,5:11 AM,6:03 PM
517,25-02-26,Sirajganj,5:11 AM,6:04 PM
518,26-02-26,Sirajganj,5:10 AM,6:04 PM
519,27-02-26,Sirajganj,5:09 AM,6:05 PM
520,28-02-26,Sirajganj,5:08 AM,6:05 PM
521,01-03-26,Sirajganj,5:07 AM,6:06 PM
522,02-03-26,Sirajganj,5:06 AM,6:06 PM
523,03-03-26,Sirajganj,5:06 AM,6:07 PM
524,04-03-26,Sirajganj,5:05 AM,6:07 PM
525,05-03-26,Sirajganj,5:04 AM,6:08 PM
526,06-03-26,Sirajganj,5:03 AM,6:08 PM
527,07-03-26,Sirajganj,5:02 AM,6:09 PM
528,08-03-26,Sirajganj,5:01 AM,6:09 PM
529,09-03-26,Sirajganj,5:00 AM,6:09 PM
530,10-03-26,Sirajganj,4:59 AM,6:10 PM
531,11-03-26,Sirajganj,4:58 AM,6:10 PM
532,12-03-26,Sirajganj,4:57 AM,6:11 PM
533,13-03-26,Sirajganj,4:56 AM,6:11 PM
534,14-03-26,Sirajganj,4:55 AM,6:12 PM
535,15-03-26,Sirajganj,4:54 AM,6:12 PM
536,16-03-26,Sirajganj,4:53 AM,6:13 PM
537,17-03-26,Sirajganj,4:52 AM,6:13 PM
538,18-03-26,Sirajganj,4:51 AM,6:13 PM
539,19-03-26,Sirajganj,4:50 AM,6:14 PM
540,20-03-26,Sirajganj,4:49 AM,6:14 PM
541,19-02-26,Rajshahi,5:18 AM,6:04 PM
542,20-02-26,Rajshahi,5:18 AM,6:05 PM
543,21-02-26,Rajshahi,5:17 AM,6:05 PM
544,22-02-26,Rajshahi,5:16 AM,6:06 PM
545,23-02-26,Rajshahi,5:16 AM,6:06 PM
546,24-02-26,Rajshahi,5:15 AM,6:07 PM
547,25-02-26,Rajshahi,5:14 AM,6:07 PM
548,26-02-26,Rajshahi,5:13 AM,6:08 PM
549,27-02-26,Rajshahi,5:12 AM,6:08 PM
550,28-02-26,Rajshahi,5:12 AM,6:09 PM
551,01-03-26,Rajshahi,5:11 AM,6:09 PM
552,02-03-26,Rajshahi,5:10 AM,6:10 PM
553,03-03-26,Rajshahi,5:09 AM,6:10 PM
554,04-03-26,Rajshahi,5:08 AM,6:11 PM
555,05-03-26,Rajshahi,5:07 AM,6:11 PM
556,06-03-26,Rajshahi,5:06 AM,6:12 PM
557,07-03-26,Rajshahi,5:05 AM,6:12 PM
558,08-03-26,Rajshahi,5:04 AM,6:13 PM
559,09-03-26,Rajshahi,5:03 AM,6:13 PM
560,10-03-26,Rajshahi,5:03 AM,6:14 PM
561,11-03-26,Rajshahi,5:02 AM,6:14 PM
562,12-03-26,Rajshahi,5:01 AM,6:15 PM
563,13-03-26,Rajshahi,5:00 AM,6:15 PM
564,14-03-26,Rajshahi,4:59 AM,6:16 PM
565,15-03-26,Rajshahi,4:58 AM,6:16 PM
566,16-03-26,Rajshahi,4:57 AM,6:16 PM
567,17-03-26,Rajshahi,4:55 AM,6:17 PM
568,18-03-26,Rajshahi,4:54 AM,6:17 PM
569,19-03-26,Rajshahi,4:53 AM,6:18 PM
570,20-03-26,Rajshahi,4:52 AM,6:18 PM
571,19-02-26,Bogura,5:15 AM,6:01 PM
572,20-02-26,Bogura,5:15 AM,6:02 PM
573,21-02-26,Bogura,5:14 AM,6:02 PM
574,22-02-26,Bogura,5:13 AM,6:03 PM
575,23-02-26,Bogura,5:12 AM,6:03 PM
576,24-02-26,Bogura,5:12 AM,6:04 PM
577,25-02-26,Bogura,5:11 AM,6:04 PM
578,26-02-26,Bogura,5:10 AM,6:05 PM
579,27-02-26,Bogura,5:09 AM,6:06 PM
580,28-02-26,Bogura,5:08 AM,6:06 PM
581,01-03-26,Bogura,5:08 AM,6:07 PM
582,02-03-26,Bogura,5:07 AM,6:07 PM
583,03-03-26,Bogura,5:06 AM,6:08 PM
584,04-03-26,Bogura,5:05 AM,6:08 PM
585,05-03-26,Bogura,5:04 AM,6:09 PM
586,06-03-26,Bogura,5:03 AM,6:09 PM
587,07-03-26,Bogura,5:02 AM,6:10 PM
588,08-03-26,Bogura,5:01 AM,6:10 PM
589,09-03-26,Bogura,5:00 AM,6:11 PM
590,10-03-26,Bogura,4:59 AM,6:11 PM
591,11-03-26,Bogura,4:58 AM,6:11 PM
592,12-03-26,Bogura,4:57 AM,6:12 PM
593,13-03-26,Bogura,4:56 AM,6:12 PM
594,14-03-26,Bogura,4:55 AM,6:13 PM
595,15-03-26,Bogura,4:54 AM,6:13 PM
596,16-03-26,Bogura,4:53 AM,6:14 PM
597,17-03-26,Bogura,4:52 AM,6:14 PM
598,18-03-26,Bogura,4:51 AM,6:15 PM
599,19-03-26,Bogura,4:50 AM,6:15 PM
600,20-03-26,Bogura,4:49 AM,6:15 PM
601,19-02-26,Pabna,5:15 AM,6:01 PM
602,20-02-26,Pabna,5:14 AM,6:02 PM
603,21-02-26,Pabna,5:14 AM,6:03 PM
604,22-02-26,Pabna,5:13 AM,6:03 PM
605,23-02-26,Pabna,5:12 AM,6:04 PM
606,24-02-26,Pabna,5:12 AM,6:04 PM
607,25-02-26,Pabna,5:11 AM,6:05 PM
608,26-02-26,Pabna,5:10 AM,6:05 PM
609,27-02-26,Pabna,5:09 AM,6:06 PM
610,28-02-26,Pabna,5:08 AM,6:06 PM
611,01-03-26,Pabna,5:08 AM,6:07 PM
612,02-03-26,Pabna,5:07 AM,6:07 PM
613,03-03-26,Pabna,5:06 AM,6:08 PM
614,04-03-26,Pabna,5:05 AM,6:08 PM
615,05-03-26,Pabna,5:04 AM,6:09 PM
616,06-03-26,Pabna,5:03 AM,6:09 PM
617,07-03-26,Pabna,5:02 AM,6:10 PM
618,08-03-26,Pabna,5:01 AM,6:10 PM
619,09-03-26,Pabna,5:01 AM,6:11 PM
620,10-03-26,Pabna,5:00 AM,6:11 PM
621,11-03-26,Pabna,4:59 AM,6:11 PM
622,12-03-26,Pabna,4:58 AM,6:12 PM
623,13-03-26,Pabna,4:57 AM,6:12 PM
624,14-03-26,Pabna,4:56 AM,6:13 PM
625,15-03-26,Pabna,4:55 AM,6:13 PM
626,16-03-26,Pabna,4:54 AM,6:14 PM
627,17-03-26,Pabna,4:53 AM,6:14 PM
628,18-03-26,Pabna,4:52 AM,6:14 PM
629,19-03-26,Pabna,4:51 AM,6:15 PM
630,20-03-26,Pabna,4:50 AM,6:15 PM
631,19-02-26,Natore,5:17 AM,6:02 PM
632,20-02-26,Natore,5:16 AM,6:03 PM
633,21-02-26,Natore,5:16 AM,6:03 PM
634,22-02-26,Natore,5:15 AM,6:04 PM
635,23-02-26,Natore,5:14 AM,6:04 PM
636,24-02-26,Natore,5:13 AM,6:05 PM
637,25-02-26,Natore,5:13 AM,6:05 PM
638,26-02-26,Natore,5:12 AM,6:06 PM
639,27-02-26,Natore,5:11 AM,6:06 PM
640,28-02-26,Natore,5:10 AM,6:07 PM
641,01-03-26,Natore,5:09 AM,6:07 PM
642,02-03-26,Natore,5:08 AM,6:08 PM
643,03-03-26,Natore,5:07 AM,6:08 PM
644,04-03-26,Natore,5:07 AM,6:09 PM
645,05-03-26,Natore,5:06 AM,6:09 PM
646,06-03-26,Natore,5:05 AM,6:10 PM
647,07-03-26,Natore,5:04 AM,6:10 PM
648,08-03-26,Natore,5:03 AM,6:11 PM
649,09-03-26,Natore,5:02 AM,6:11 PM
650,10-03-26,Natore,5:01 AM,6:12 PM
651,11-03-26,Natore,5:00 AM,6:12 PM
652,12-03-26,Natore,4:59 AM,6:12 PM
653,13-03-26,Natore,4:58 AM,6:13 PM
654,14-03-26,Natore,4:57 AM,6:13 PM
655,15-03-26,Natore,4:56 AM,6:14 PM
656,16-03-26,Natore,4:55 AM,6:14 PM
657,17-03-26,Natore,4:54 AM,6:15 PM
658,18-03-26,Natore,4:53 AM,6:15 PM
659,19-03-26,Natore,4:52 AM,6:16 PM
660,20-03-26,Natore,4:51 AM,6:16 PM
661,19-02-26,Naogaon,5:18 AM,6:03 PM
662,20-02-26,Naogaon,5:17 AM,6:04 PM
663,21-02-26,Naogaon,5:16 AM,6:05 PM
664,22-02-26,Naogaon,5:16 AM,6:05 PM
665,23-02-26,Naogaon,5:15 AM,6:06 PM
666,24-02-26,Naogaon,5:14 AM,6:06 PM
667,25-02-26,Naogaon,5:13 AM,6:07 PM
668,26-02-26,Naogaon,5:13 AM,6:07 PM
669,27-02-26,Naogaon,5:12 AM,6:08 PM
670,28-02-26,Naogaon,5:11 AM,6:08 PM
671,01-03-26,Naogaon,5:10 AM,6:09 PM
672,02-03-26,Naogaon,5:09 AM,6:09 PM
673,03-03-26,Naogaon,5:08 AM,6:10 PM
674,04-03-26,Naogaon,5:07 AM,6:10 PM
675,05-03-26,Naogaon,5:06 AM,6:11 PM
676,06-03-26,Naogaon,5:06 AM,6:11 PM
677,07-03-26,Naogaon,5:05 AM,6:12 PM
678,08-03-26,Naogaon,5:04 AM,6:12 PM
679,09-03-26,Naogaon,5:03 AM,6:13 PM
680,10-03-26,Naogaon,5:02 AM,6:13 PM
681,11-03-26,Naogaon,5:01 AM,6:14 PM
682,12-03-26,Naogaon,5:00 AM,6:14 PM
683,13-03-26,Naogaon,4:59 AM,6:15 PM
684,14-03-26,Naogaon,4:58 AM,6:15 PM
685,15-03-26,Naogaon,4:57 AM,6:16 PM
686,16-03-26,Naogaon,4:56 AM,6:16 PM
687,17-03-26,Naogaon,4:55 AM,6:16 PM
688,18-03-26,Naogaon,4:54 AM,6:17 PM
689,19-03-26,Naogaon,4:53 AM,6:17 PM
690,20-03-26,Naogaon,4:51 AM,6:18 PM
691,19-02-26,Joypurhat,5:17 AM,6:01 PM
692,20-02-26,Joypurhat,5:17 AM,6:02 PM
693,21-02-26,Joypurhat,5:16 AM,6:02 PM
694,22-02-26,Joypurhat,5:15 AM,6:03 PM
695,23-02-26,Joypurhat,5:14 AM,6:03 PM
696,24-02-26,Joypurhat,5:14 AM,6:04 PM
697,25-02-26,Joypurhat,5:13 AM,6:04 PM
698,26-02-26,Joypurhat,5:12 AM,6:05 PM
699,27-02-26,Joypurhat,5:11 AM,6:05 PM
700,28-02-26,Joypurhat,5:10 AM,6:06 PM
701,01-03-26,Joypurhat,5:09 AM,6:07 PM
702,02-03-26,Joypurhat,5:09 AM,6:07 PM
703,03-03-26,Joypurhat,5:08 AM,6:08 PM
704,04-03-26,Joypurhat,5:07 AM,6:08 PM
705,05-03-26,Joypurhat,5:06 AM,6:09 PM
706,06-03-26,Joypurhat,5:05 AM,6:09 PM
707,07-03-26,Joypurhat,5:04 AM,6:10 PM
708,08-03-26,Joypurhat,5:03 AM,6:10 PM
709,09-03-26,Joypurhat,5:02 AM,6:11 PM
710,10-03-26,Joypurhat,5:01 AM,6:11 PM
711,11-03-26,Joypurhat,5:00 AM,6:12 PM
712,12-03-26,Joypurhat,4:59 AM,6:12 PM
713,13-03-26,Joypurhat,4:58 AM,6:12 PM
714,14-03-26,Joypurhat,4:57 AM,6:13 PM
715,15-03-26,Joypurhat,4:56 AM,6:13 PM
716,16-03-26,Joypurhat,4:55 AM,6:14 PM
717,17-03-26,Joypurhat,4:54 AM,6:14 PM
718,18-03-26,Joypurhat,4:53 AM,6:15 PM
719,19-03-26,Joypurhat,4:52 AM,6:15 PM
720,20-03-26,Joypurhat,4:51 AM,6:16 PM
721,19-02-26,Chapainawabganj,5:20 AM,6:05 PM
722,20-02-26,Chapainawabganj,5:20 AM,6:06 PM
723,21-02-26,Chapainawabganj,5:19 AM,6:06 PM
724,22-02-26,Chapainawabganj,5:18 AM,6:07 PM
725,23-02-26,Chapainawabganj,5:17 AM,6:07 PM
726,24-02-26,Chapainawabganj,5:17 AM,6:08 PM
727,25-02-26,Chapainawabganj,5:16 AM,6:08 PM
728,26-02-26,Chapainawabganj,5:15 AM,6:09 PM
729,27-02-26,Chapainawabganj,5:14 AM,6:09 PM
730,28-02-26,Chapainawabganj,5:13 AM,6:10 PM
731,01-03-26,Chapainawabganj,5:13 AM,6:10 PM
732,02-03-26,Chapainawabganj,5:12 AM,6:11 PM
733,03-03-26,Chapainawabganj,5:11 AM,6:11 PM
734,04-03-26,Chapainawabganj,5:10 AM,6:12 PM
735,05-03-26,Chapainawabganj,5:09 AM,6:12 PM
736,06-03-26,Chapainawabganj,5:08 AM,6:13 PM
737,07-03-26,Chapainawabganj,5:07 AM,6:13 PM
738,08-03-26,Chapainawabganj,5:06 AM,6:14 PM
739,09-03-26,Chapainawabganj,5:05 AM,6:14 PM
740,10-03-26,Chapainawabganj,5:04 AM,6:15 PM
741,11-03-26,Chapainawabganj,5:03 AM,6:15 PM
742,12-03-26,Chapainawabganj,5:02 AM,6:16 PM
743,13-03-26,Chapainawabganj,5:01 AM,6:16 PM
744,14-03-26,Chapainawabganj,5:00 AM,6:17 PM
745,15-03-26,Chapainawabganj,4:59 AM,6:17 PM
746,16-03-26,Chapainawabganj,4:58 AM,6:18 PM
747,17-03-26,Chapainawabganj,4:57 AM,6:18 PM
748,18-03-26,Chapainawabganj,4:56 AM,6:18 PM
749,19-03-26,Chapainawabganj,4:55 AM,6:19 PM
750,20-03-26,Chapainawabganj,4:54 AM,6:19 PM
751,19-02-26,Lalmonirhat,5:16 AM,6:00 PM
752,20-02-26,Lalmonirhat,5:16 AM,6:00 PM
753,21-02-26,Lalmonirhat,5:15 AM,6:01 PM
754,22-02-26,Lalmonirhat,5:14 AM,6:02 PM
755,23-02-26,Lalmonirhat,5:13 AM,6:02 PM
756,24-02-26,Lalmonirhat,5:13 AM,6:03 PM
757,25-02-26,Lalmonirhat,5:12 AM,6:03 PM
758,26-02-26,Lalmonirhat,5:11 AM,6:04 PM
759,27-02-26,Lalmonirhat,5:10 AM,6:05 PM
760,28-02-26,Lalmonirhat,5:09 AM,6:05 PM
761,01-03-26,Lalmonirhat,5:08 AM,6:06 PM
762,02-03-26,Lalmonirhat,5:07 AM,6:06 PM
763,03-03-26,Lalmonirhat,5:06 AM,6:07 PM
764,04-03-26,Lalmonirhat,5:06 AM,6:07 PM
765,05-03-26,Lalmonirhat,5:05 AM,6:08 PM
766,06-03-26,Lalmonirhat,5:04 AM,6:09 PM
767,07-03-26,Lalmonirhat,5:03 AM,6:09 PM
768,08-03-26,Lalmonirhat,5:02 AM,6:10 PM
769,09-03-26,Lalmonirhat,5:01 AM,6:10 PM
770,10-03-26,Lalmonirhat,5:00 AM,6:11 PM
771,11-03-26,Lalmonirhat,4:59 AM,6:11 PM
772,12-03-26,Lalmonirhat,4:58 AM,6:12 PM
773,13-03-26,Lalmonirhat,4:57 AM,6:12 PM
774,14-03-26,Lalmonirhat,4:56 AM,6:13 PM
775,15-03-26,Lalmonirhat,4:54 AM,6:13 PM
776,16-03-26,Lalmonirhat,4:53 AM,6:14 PM
777,17-03-26,Lalmonirhat,4:52 AM,6:14 PM
778,18-03-26,Lalmonirhat,4:51 AM,6:15 PM
779,19-03-26,Lalmonirhat,4:50 AM,6:15 PM
780,20-03-26,Lalmonirhat,4:49 AM,6:16 PM
781,19-02-26,Rangpur,5:17 AM,6:00 PM
782,20-02-26,Rangpur,5:16 AM,6:01 PM
783,21-02-26,Rangpur,5:15 AM,6:02 PM
784,22-02-26,Rangpur,5:14 AM,6:02 PM
785,23-02-26,Rangpur,5:14 AM,6:03 PM
786,24-02-26,Rangpur,5:13 AM,6:03 PM
787,25-02-26,Rangpur,5:12 AM,6:04 PM
788,26-02-26,Rangpur,5:11 AM,6:04 PM
789,27-02-26,Rangpur,5:10 AM,6:05 PM
790,28-02-26,Rangpur,5:09 AM,6:06 PM
791,01-03-26,Rangpur,5:08 AM,6:06 PM
792,02-03-26,Rangpur,5:08 AM,6:07 PM
793,03-03-26,Rangpur,5:07 AM,6:07 PM
794,04-03-26,Rangpur,5:06 AM,6:08 PM
795,05-03-26,Rangpur,5:05 AM,6:08 PM
796,06-03-26,Rangpur,5:04 AM,6:09 PM
797,07-03-26,Rangpur,5:03 AM,6:09 PM
798,08-03-26,Rangpur,5:02 AM,6:10 PM
799,09-03-26,Rangpur,5:01 AM,6:10 PM
800,10-03-26,Rangpur,5:00 AM,6:11 PM
801,11-03-26,Rangpur,4:59 AM,6:11 PM
802,12-03-26,Rangpur,4:58 AM,6:12 PM
803,13-03-26,Rangpur,4:57 AM,6:12 PM
804,14-03-26,Rangpur,4:56 AM,6:13 PM
805,15-03-26,Rangpur,4:55 AM,6:13 PM
806,16-03-26,Rangpur,4:54 AM,6:14 PM
807,17-03-26,Rangpur,4:53 AM,6:14 PM
808,18-03-26,Rangpur,4:52 AM,6:15 PM
809,19-03-26,Rangpur,4:50 AM,6:15 PM
810,20-03-26,Rangpur,4:49 AM,6:16 PM
811,19-02-26,Panchagarh,5:20 AM,6:02 PM
812,20-02-26,Panchagarh,5:19 AM,6:03 PM
813,21-02-26,Panchagarh,5:18 AM,6:04 PM
814,22-02-26,Panchagarh,5:17 AM,6:04 PM
815,23-02-26,Panchagarh,5:17 AM,6:05 PM
816,24-02-26,Panchagarh,5:16 AM,6:05 PM
817,25-02-26,Panchagarh,5:15 AM,6:06 PM
818,26-02-26,Panchagarh,5:14 AM,6:07 PM
819,27-02-26,Panchagarh,5:13 AM,6:07 PM
820,28-02-26,Panchagarh,5:12 AM,6:08 PM
821,01-03-26,Panchagarh,5:11 AM,6:08 PM
822,02-03-26,Panchagarh,5:11 AM,6:09 PM
823,03-03-26,Panchagarh,5:10 AM,6:09 PM
824,04-03-26,Panchagarh,5:09 AM,6:10 PM
825,05-03-26,Panchagarh,5:08 AM,6:10 PM
826,06-03-26,Panchagarh,5:07 AM,6:11 PM
827,07-03-26,Panchagarh,5:06 AM,6:12 PM
828,08-03-26,Panchagarh,5:05 AM,6:12 PM
829,09-03-26,Panchagarh,5:04 AM,6:13 PM
830,10-03-26,Panchagarh,5:03 AM,6:13 PM
831,11-03-26,Panchagarh,5:02 AM,6:14 PM
832,12-03-26,Panchagarh,5:01 AM,6:14 PM
833,13-03-26,Panchagarh,5:00 AM,6:15 PM
834,14-03-26,Panchagarh,4:58 AM,6:15 PM
835,15-03-26,Panchagarh,4:57 AM,6:16 PM
836,16-03-26,Panchagarh,4:56 AM,6:16 PM
837,17-03-26,Panchagarh,4:55 AM,6:17 PM
838,18-03-26,Panchagarh,4:54 AM,6:17 PM
839,19-03-26,Panchagarh,4:53 AM,6:18 PM
840,20-03-26,Panchagarh,4:52 AM,6:18 PM
841,19-02-26,Nilphamari,5:18 AM,6:01 PM
842,20-02-26,Nilphamari,5:17 AM,6:01 PM
843,21-02-26,Nilphamari,5:17 AM,6:02 PM
844,22-02-26,Nilphamari,5:16 AM,6:03 PM
845,23-02-26,Nilphamari,5:15 AM,6:03 PM
846,24-02-26,Nilphamari,5:14 AM,6:04 PM
847,25-02-26,Nilphamari,5:13 AM,6:04 PM
848,26-02-26,Nilphamari,5:12 AM,6:05 PM
849,27-02-26,Nilphamari,5:12 AM,6:06 PM
850,28-02-26,Nilphamari,5:11 AM,6:06 PM
851,01-03-26,Nilphamari,5:10 AM,6:07 PM
852,02-03-26,Nilphamari,5:09 AM,6:07 PM
853,03-03-26,Nilphamari,5:08 AM,6:08 PM
854,04-03-26,Nilphamari,5:07 AM,6:08 PM
855,05-03-26,Nilphamari,5:06 AM,6:09 PM
856,06-03-26,Nilphamari,5:05 AM,6:09 PM
857,07-03-26,Nilphamari,5:04 AM,6:10 PM
858,08-03-26,Nilphamari,5:03 AM,6:10 PM
859,09-03-26,Nilphamari,5:02 AM,6:11 PM
860,10-03-26,Nilphamari,5:01 AM,6:12 PM
861,11-03-26,Nilphamari,5:00 AM,6:12 PM
862,12-03-26,Nilphamari,4:59 AM,6:13 PM
863,13-03-26,Nilphamari,4:58 AM,6:13 PM
864,14-03-26,Nilphamari,4:57 AM,6:14 PM
865,15-03-26,Nilphamari,4:56 AM,6:14 PM
866,16-03-26,Nilphamari,4:55 AM,6:14 PM
867,17-03-26,Nilphamari,4:54 AM,6:15 PM
868,18-03-26,Nilphamari,4:53 AM,6:15 PM
869,19-03-26,Nilphamari,4:52 AM,6:16 PM
870,20-03-26,Nilphamari,4:51 AM,6:16 PM
871,19-02-26,Dinajpur,5:17 AM,6:02 PM
872,20-02-26,Dinajpur,5:17 AM,6:03 PM
873,21-02-26,Dinajpur,5:16 AM,6:04 PM
874,22-02-26,Dinajpur,5:15 AM,6:04 PM
875,23-02-26,Dinajpur,5:14 AM,6:05 PM
876,24-02-26,Dinajpur,5:14 AM,6:05 PM
877,25-02-26,Dinajpur,5:13 AM,6:06 PM
878,26-02-26,Dinajpur,5:12 AM,6:07 PM
879,27-02-26,Dinajpur,5:11 AM,6:07 PM
880,28-02-26,Dinajpur,5:10 AM,6:08 PM
881,01-03-26,Dinajpur,5:09 AM,6:08 PM
882,02-03-26,Dinajpur,5:09 AM,6:09 PM
883,03-03-26,Dinajpur,5:08 AM,6:09 PM
884,04-03-26,Dinajpur,5:07 AM,6:10 PM
885,05-03-26,Dinajpur,5:06 AM,6:10 PM
886,06-03-26,Dinajpur,5:05 AM,6:11 PM
887,07-03-26,Dinajpur,5:04 AM,6:11 PM
888,08-03-26,Dinajpur,5:03 AM,6:12 PM
889,09-03-26,Dinajpur,5:02 AM,6:12 PM
890,10-03-26,Dinajpur,5:01 AM,6:13 PM
891,11-03-26,Dinajpur,5:00 AM,6:13 PM
892,12-03-26,Dinajpur,4:59 AM,6:14 PM
893,13-03-26,Dinajpur,4:58 AM,6:14 PM
894,14-03-26,Dinajpur,4:57 AM,6:15 PM
895,15-03-26,Dinajpur,4:56 AM,6:15 PM
896,16-03-26,Dinajpur,4:55 AM,6:16 PM
897,17-03-26,Dinajpur,4:54 AM,6:16 PM
898,18-03-26,Dinajpur,4:53 AM,6:17 PM
899,19-03-26,Dinajpur,4:52 AM,6:17 PM
900,20-03-26,Dinajpur,4:51 AM,6:18 PM
901,19-02-26,Thakurgaon,5:20 AM,6:04 PM
902,20-02-26,Thakurgaon,5:20 AM,6:04 PM
903,21-02-26,Thakurgaon,5:19 AM,6:05 PM
904,22-02-26,Thakurgaon,5:18 AM,6:05 PM
905,23-02-26,Thakurgaon,5:17 AM,6:06 PM
906,24-02-26,Thakurgaon,5:16 AM,6:07 PM
907,25-02-26,Thakurgaon,5:16 AM,6:07 PM
908,26-02-26,Thakurgaon,5:15 AM,6:08 PM
909,27-02-26,Thakurgaon,5:14 AM,6:08 PM
910,28-02-26,Thakurgaon,5:13 AM,6:09 PM
911,01-03-26,Thakurgaon,5:12 AM,6:09 PM
912,02-03-26,Thakurgaon,5:11 AM,6:10 PM
913,03-03-26,Thakurgaon,5:10 AM,6:10 PM
914,04-03-26,Thakurgaon,5:09 AM,6:11 PM
915,05-03-26,Thakurgaon,5:08 AM,6:12 PM
916,06-03-26,Thakurgaon,5:07 AM,6:12 PM
917,07-03-26,Thakurgaon,5:06 AM,6:13 PM
918,08-03-26,Thakurgaon,5:05 AM,6:13 PM
919,09-03-26,Thakurgaon,5:04 AM,6:14 PM
920,10-03-26,Thakurgaon,5:03 AM,6:14 PM
921,11-03-26,Thakurgaon,5:02 AM,6:15 PM
922,12-03-26,Thakurgaon,5:01 AM,6:15 PM
923,13-03-26,Thakurgaon,5:00 AM,6:16 PM
924,14-03-26,Thakurgaon,4:59 AM,6:16 PM
925,15-03-26,Thakurgaon,4:58 AM,6:17 PM
926,16-03-26,Thakurgaon,4:57 AM,6:17 PM
927,17-03-26,Thakurgaon,4:56 AM,6:18 PM
928,18-03-26,Thakurgaon,4:55 AM,6:18 PM
929,19-03-26,Thakurgaon,4:54 AM,6:19 PM
930,20-03-26,Thakurgaon,4:53 AM,6:19 PM
931,19-02-26,Gaibandha,5:16 AM,6:00 PM
932,20-02-26,Gaibandha,5:15 AM,6:00 PM
933,21-02-26,Gaibandha,5:14 AM,6:01 PM
934,22-02-26,Gaibandha,5:13 AM,6:02 PM
935,23-02-26,Gaibandha,5:13 AM,6:02 PM
936,24-02-26,Gaibandha,5:12 AM,6:03 PM
937,25-02-26,Gaibandha,5:11 AM,6:03 PM
938,26-02-26,Gaibandha,5:10 AM,6:04 PM
939,27-02-26,Gaibandha,5:09 AM,6:04 PM
940,28-02-26,Gaibandha,5:08 AM,6:05 PM
941,01-03-26,Gaibandha,5:08 AM,6:05 PM
942,02-03-26,Gaibandha,5:07 AM,6:06 PM
943,03-03-26,Gaibandha,5:06 AM,6:06 PM
944,04-03-26,Gaibandha,5:05 AM,6:07 PM
945,05-03-26,Gaibandha,5:04 AM,6:08 PM
946,06-03-26,Gaibandha,5:03 AM,6:08 PM
947,07-03-26,Gaibandha,5:02 AM,6:09 PM
948,08-03-26,Gaibandha,5:01 AM,6:09 PM
949,09-03-26,Gaibandha,5:00 AM,6:09 PM
950,10-03-26,Gaibandha,4:59 AM,6:10 PM
951,11-03-26,Gaibandha,4:58 AM,6:10 PM
952,12-03-26,Gaibandha,4:57 AM,6:11 PM
953,13-03-26,Gaibandha,4:56 AM,6:11 PM
954,14-03-26,Gaibandha,4:55 AM,6:12 PM
955,15-03-26,Gaibandha,4:54 AM,6:12 PM
956,16-03-26,Gaibandha,4:53 AM,6:13 PM
957,17-03-26,Gaibandha,4:52 AM,6:13 PM
958,18-03-26,Gaibandha,4:51 AM,6:14 PM
959,19-03-26,Gaibandha,4:50 AM,6:14 PM
960,20-03-26,Gaibandha,4:49 AM,6:15 PM
961,19-02-26,Kurigram,5:15 AM,5:58 PM
962,20-02-26,Kurigram,5:15 AM,5:59 PM
963,21-02-26,Kurigram,5:14 AM,5:59 PM
964,22-02-26,Kurigram,5:13 AM,6:00 PM
965,23-02-26,Kurigram,5:12 AM,6:01 PM
966,24-02-26,Kurigram,5:11 AM,6:01 PM
967,25-02-26,Kurigram,5:11 AM,6:02 PM
968,26-02-26,Kurigram,5:10 AM,6:02 PM
969,27-02-26,Kurigram,5:09 AM,6:03 PM
970,28-02-26,Kurigram,5:08 AM,6:03 PM
971,01-03-26,Kurigram,5:07 AM,6:04 PM
972,02-03-26,Kurigram,5:06 AM,6:05 PM
973,03-03-26,Kurigram,5:05 AM,6:05 PM
974,04-03-26,Kurigram,5:04 AM,6:06 PM
975,05-03-26,Kurigram,5:03 AM,6:06 PM
976,06-03-26,Kurigram,5:02 AM,6:07 PM
977,07-03-26,Kurigram,5:01 AM,6:07 PM
978,08-03-26,Kurigram,5:00 AM,6:08 PM
979,09-03-26,Kurigram,4:59 AM,6:08 PM
980,10-03-26,Kurigram,4:58 AM,6:09 PM
981,11-03-26,Kurigram,4:57 AM,6:09 PM
982,12-03-26,Kurigram,4:56 AM,6:10 PM
983,13-03-26,Kurigram,4:55 AM,6:10 PM
984,14-03-26,Kurigram,4:54 AM,6:11 PM
985,15-03-26,Kurigram,4:53 AM,6:11 PM
986,16-03-26,Kurigram,4:52 AM,6:12 PM
987,17-03-26,Kurigram,4:51 AM,6:12 PM
988,18-03-26,Kurigram,4:50 AM,6:13 PM
989,19-03-26,Kurigram,4:49 AM,6:13 PM
990,20-03-26,Kurigram,4:48 AM,6:14 PM
991,19-02-26,Sherpur,5:13 AM,5:57 PM
992,20-02-26,Sherpur,5:13 AM,5:58 PM
993,21-02-26,Sherpur,5:12 AM,5:58 PM
994,22-02-26,Sherpur,5:11 AM,5:59 PM
995,23-02-26,Sherpur,5:10 AM,5:59 PM
996,24-02-26,Sherpur,5:10 AM,6:00 PM
997,25-02-26,Sherpur,5:09 AM,6:01 PM
998,26-02-26,Sherpur,5:08 AM,6:01 PM
999,27-02-26,Sherpur,5:07 AM,6:02 PM
1000,28-02-26,Sherpur,5:06 AM,6:02 PM
1001,01-03-26,Sherpur,5:05 AM,6:03 PM
1002,02-03-26,Sherpur,5:05 AM,6:03 PM
1003,03-03-26,Sherpur,5:04 AM,6:04 PM
1004,04-03-26,Sherpur,5:03 AM,6:04 PM
1005,05-03-26,Sherpur,5:02 AM,6:05 PM
1006,06-03-26,Sherpur,5:01 AM,6:05 PM
1007,07-03-26,Sherpur,5:00 AM,6:06 PM
1008,08-03-26,Sherpur,4:59 AM,6:06 PM
1009,09-03-26,Sherpur,4:58 AM,6:07 PM
1010,10-03-26,Sherpur,4:57 AM,6:07 PM
1011,11-03-26,Sherpur,4:56 AM,6:08 PM
1012,12-03-26,Sherpur,4:55 AM,6:08 PM
1013,13-03-26,Sherpur,4:54 AM,6:09 PM
1014,14-03-26,Sherpur,4:53 AM,6:09 PM
1015,15-03-26,Sherpur,4:52 AM,6:10 PM
1016,16-03-26,Sherpur,4:51 AM,6:10 PM
1017,17-03-26,Sherpur,4:50 AM,6:10 PM
1018,18-03-26,Sherpur,4:49 AM,6:11 PM
1019,19-03-26,Sherpur,4:48 AM,6:11 PM
1020,20-03-26,Sherpur,4:47 AM,6:12 PM
1021,19-02-26,Mymensingh,5:11 AM,5:57 PM
1022,20-02-26,Mymensingh,5:10 AM,5:57 PM
1023,21-02-26,Mymensingh,5:10 AM,5:58 PM
1024,22-02-26,Mymensingh,5:09 AM,5:58 PM
1025,23-02-26,Mymensingh,5:08 AM,5:59 PM
1026,24-02-26,Mymensingh,5:07 AM,5:59 PM
1027,25-02-26,Mymensingh,5:07 AM,6:00 PM
1028,26-02-26,Mymensingh,5:06 AM,6:01 PM
1029,27-02-26,Mymensingh,5:05 AM,6:01 PM
1030,28-02-26,Mymensingh,5:04 AM,6:02 PM
1031,01-03-26,Mymensingh,5:03 AM,6:02 PM
1032,02-03-26,Mymensingh,5:02 AM,6:03 PM
1033,03-03-26,Mymensingh,5:02 AM,6:03 PM
1034,04-03-26,Mymensingh,5:01 AM,6:04 PM
1035,05-03-26,Mymensingh,5:00 AM,6:04 PM
1036,06-03-26,Mymensingh,4:59 AM,6:05 PM
1037,07-03-26,Mymensingh,4:58 AM,6:05 PM
1038,08-03-26,Mymensingh,4:57 AM,6:06 PM
1039,09-03-26,Mymensingh,4:56 AM,6:06 PM
1040,10-03-26,Mymensingh,4:55 AM,6:07 PM
1041,11-03-26,Mymensingh,4:54 AM,6:07 PM
1042,12-03-26,Mymensingh,4:53 AM,6:07 PM
1043,13-03-26,Mymensingh,4:52 AM,6:08 PM
1044,14-03-26,Mymensingh,4:51 AM,6:08 PM
1045,15-03-26,Mymensingh,4:50 AM,6:09 PM
1046,16-03-26,Mymensingh,4:49 AM,6:09 PM
1047,17-03-26,Mymensingh,4:48 AM,6:10 PM
1048,18-03-26,Mymensingh,4:47 AM,6:10 PM
1049,19-03-26,Mymensingh,4:46 AM,6:11 PM
1050,20-03-26,Mymensingh,4:45 AM,6:11 PM
1051,19-02-26,Netrokona,5:09 AM,5:55 PM
1052,20-02-26,Netrokona,5:09 AM,5:55 PM
1053,21-02-26,Netrokona,5:08 AM,5:56 PM
1054,22-02-26,Netrokona,5:07 AM,5:57 PM
1055,23-02-26,Netrokona,5:06 AM,5:57 PM
1056,24-02-26,Netrokona,5:06 AM,5:58 PM
1057,25-02-26,Netrokona,5:05 AM,5:58 PM
1058,26-02-26,Netrokona,5:04 AM,5:59 PM
1059,27-02-26,Netrokona,5:03 AM,5:59 PM
1060,28-02-26,Netrokona,5:02 AM,6:00 PM
1061,01-03-26,Netrokona,5:02 AM,6:00 PM
1062,02-03-26,Netrokona,5:01 AM,6:01 PM
1063,03-03-26,Netrokona,5:00 AM,6:01 PM
1064,04-03-26,Netrokona,4:59 AM,6:02 PM
1065,05-03-26,Netrokona,4:58 AM,6:02 PM
1066,06-03-26,Netrokona,4:57 AM,6:03 PM
1067,07-03-26,Netrokona,4:56 AM,6:03 PM
1068,08-03-26,Netrokona,4:55 AM,6:04 PM
1069,09-03-26,Netrokona,4:54 AM,6:04 PM
1070,10-03-26,Netrokona,4:53 AM,6:05 PM
1071,11-03-26,Netrokona,4:52 AM,6:05 PM
1072,12-03-26,Netrokona,4:51 AM,6:06 PM
1073,13-03-26,Netrokona,4:50 AM,6:06 PM
1074,14-03-26,Netrokona,4:49 AM,6:07 PM
1075,15-03-26,Netrokona,4:48 AM,6:07 PM
1076,16-03-26,Netrokona,4:47 AM,6:08 PM
1077,17-03-26,Netrokona,4:46 AM,6:08 PM
1078,18-03-26,Netrokona,4:45 AM,6:09 PM
1079,19-03-26,Netrokona,4:44 AM,6:09 PM
1080,20-03-26,Netrokona,4:43 AM,6:09 PM
1081,19-02-26,Jamalpur,5:14 AM,5:58 PM
1082,20-02-26,Jamalpur,5:13 AM,5:59 PM
1083,21-02-26,Jamalpur,5:12 AM,5:59 PM
1084,22-02-26,Jamalpur,5:11 AM,6:00 PM
1085,23-02-26,Jamalpur,5:11 AM,6:00 PM
1086,24-02-26,Jamalpur,5:10 AM,6:01 PM
1087,25-02-26,Jamalpur,5:09 AM,6:02 PM
1088,26-02-26,Jamalpur,5:08 AM,6:02 PM
1089,27-02-26,Jamalpur,5:07 AM,6:03 PM
1090,28-02-26,Jamalpur,5:07 AM,6:03 PM
1091,01-03-26,Jamalpur,5:06 AM,6:04 PM
1092,02-03-26,Jamalpur,5:05 AM,6:04 PM
1093,03-03-26,Jamalpur,5:04 AM,6:05 PM
1094,04-03-26,Jamalpur,5:03 AM,6:05 PM
1095,05-03-26,Jamalpur,5:02 AM,6:06 PM
1096,06-03-26,Jamalpur,5:01 AM,6:06 PM
1097,07-03-26,Jamalpur,5:00 AM,6:07 PM
1098,08-03-26,Jamalpur,4:59 AM,6:07 PM
1099,09-03-26,Jamalpur,4:58 AM,6:08 PM
1100,10-03-26,Jamalpur,4:57 AM,6:08 PM
1101,11-03-26,Jamalpur,4:56 AM,6:09 PM
1102,12-03-26,Jamalpur,4:55 AM,6:09 PM
1103,13-03-26,Jamalpur,4:54 AM,6:10 PM
1104,14-03-26,Jamalpur,4:53 AM,6:10 PM
1105,15-03-26,Jamalpur,4:52 AM,6:11 PM
1106,16-03-26,Jamalpur,4:51 AM,6:11 PM
1107,17-03-26,Jamalpur,4:50 AM,6:11 PM
1108,18-03-26,Jamalpur,4:49 AM,6:12 PM
1109,19-03-26,Jamalpur,4:48 AM,6:12 PM
1110,20-03-26,Jamalpur,4:47 AM,6:13 PM
1111,19-02-26,Bhola,5:09 AM,5:57 PM
1112,20-02-26,Bhola,5:09 AM,5:58 PM
1113,21-02-26,Bhola,5:08 AM,5:58 PM
1114,22-02-26,Bhola,5:08 AM,5:59 PM
1115,23-02-26,Bhola,5:07 AM,5:59 PM
1116,24-02-26,Bhola,5:06 AM,6:00 PM
1117,25-02-26,Bhola,5:05 AM,6:00 PM
1118,26-02-26,Bhola,5:05 AM,6:01 PM
1119,27-02-26,Bhola,5:04 AM,6:01 PM
1120,28-02-26,Bhola,5:03 AM,6:01 PM
1121,01-03-26,Bhola,5:02 AM,6:02 PM
1122,02-03-26,Bhola,5:02 AM,6:02 PM
1123,03-03-26,Bhola,5:01 AM,6:03 PM
1124,04-03-26,Bhola,5:00 AM,6:03 PM
1125,05-03-26,Bhola,4:59 AM,6:04 PM
1126,06-03-26,Bhola,4:58 AM,6:04 PM
1127,07-03-26,Bhola,4:57 AM,6:04 PM
1128,08-03-26,Bhola,4:57 AM,6:05 PM
1129,09-03-26,Bhola,4:56 AM,6:05 PM
1130,10-03-26,Bhola,4:55 AM,6:06 PM
1131,11-03-26,Bhola,4:54 AM,6:06 PM
1132,12-03-26,Bhola,4:53 AM,6:06 PM
1133,13-03-26,Bhola,4:52 AM,6:07 PM
1134,14-03-26,Bhola,4:51 AM,6:07 PM
1135,15-03-26,Bhola,4:50 AM,6:07 PM
1136,16-03-26,Bhola,4:49 AM,6:08 PM
1137,17-03-26,Bhola,4:48 AM,6:08 PM
1138,18-03-26,Bhola,4:47 AM,6:08 PM
1139,19-03-26,Bhola,4:46 AM,6:09 PM
1140,20-03-26,Bhola,4:45 AM,6:09 PM
1141,19-02-26,Barishal,5:11 AM,5:59 PM
1142,20-02-26,Barishal,5:10 AM,5:59 PM
1143,21-02-26,Barishal,5:09 AM,6:00 PM
1144,22-02-26,Barishal,5:09 AM,6:00 PM
1145,23-02-26,Barishal,5:08 AM,6:01 PM
1146,24-02-26,Barishal,5:07 AM,6:01 PM
1147,25-02-26,Barishal,5:07 AM,6:02 PM
1148,26-02-26,Barishal,5:06 AM,6:02 PM
1149,27-02-26,Barishal,5:05 AM,6:03 PM
1150,28-02-26,Barishal,5:04 AM,6:03 PM
1151,01-03-26,Barishal,5:04 AM,6:03 PM
1152,02-03-26,Barishal,5:03 AM,6:04 PM
1153,03-03-26,Barishal,5:02 AM,6:04 PM
1154,04-03-26,Barishal,5:01 AM,6:05 PM
1155,05-03-26,Barishal,5:00 AM,6:05 PM
1156,06-03-26,Barishal,4:59 AM,6:06 PM
1157,07-03-26,Barishal,4:59 AM,6:06 PM
1158,08-03-26,Barishal,4:58 AM,6:07 PM
1159,09-03-26,Barishal,4:57 AM,6:07 PM
1160,10-03-26,Barishal,4:56 AM,6:07 PM
1161,11-03-26,Barishal,4:55 AM,6:08 PM
1162,12-03-26,Barishal,4:54 AM,6:08 PM
1163,13-03-26,Barishal,4:53 AM,6:09 PM
1164,14-03-26,Barishal,4:52 AM,6:09 PM
1165,15-03-26,Barishal,4:51 AM,6:09 PM
1166,16-03-26,Barishal,4:50 AM,6:10 PM
1167,17-03-26,Barishal,4:49 AM,6:10 PM
1168,18-03-26,Barishal,4:48 AM,6:10 PM
1169,19-03-26,Barishal,4:47 AM,6:11 PM
1170,20-03-26,Barishal,4:46 AM,6:11 PM
1171,19-02-26,Barguna,5:12 AM,6:00 PM
1172,20-02-26,Barguna,5:11 AM,6:00 PM
1173,21-02-26,Barguna,5:11 AM,6:01 PM
1174,22-02-26,Barguna,5:10 AM,6:01 PM
1175,23-02-26,Barguna,5:09 AM,6:02 PM
1176,24-02-26,Barguna,5:09 AM,6:02 PM
1177,25-02-26,Barguna,5:08 AM,6:03 PM
1178,26-02-26,Barguna,5:07 AM,6:03 PM
1179,27-02-26,Barguna,5:06 AM,6:04 PM
1180,28-02-26,Barguna,5:06 AM,6:04 PM
1181,01-03-26,Barguna,5:05 AM,6:04 PM
1182,02-03-26,Barguna,5:04 AM,6:05 PM
1183,03-03-26,Barguna,5:03 AM,6:05 PM
1184,04-03-26,Barguna,5:03 AM,6:06 PM
1185,05-03-26,Barguna,5:02 AM,6:06 PM
1186,06-03-26,Barguna,5:01 AM,6:07 PM
1187,07-03-26,Barguna,5:00 AM,6:07 PM
1188,08-03-26,Barguna,4:59 AM,6:07 PM
1189,09-03-26,Barguna,4:58 AM,6:08 PM
1190,10-03-26,Barguna,4:57 AM,6:08 PM
1191,11-03-26,Barguna,4:57 AM,6:08 PM
1192,12-03-26,Barguna,4:56 AM,6:09 PM
1193,13-03-26,Barguna,4:55 AM,6:09 PM
1194,14-03-26,Barguna,4:54 AM,6:10 PM
1195,15-03-26,Barguna,4:53 AM,6:10 PM
1196,16-03-26,Barguna,4:52 AM,6:10 PM
1197,17-03-26,Barguna,4:51 AM,6:11 PM
1198,18-03-26,Barguna,4:50 AM,6:11 PM
1199,19-03-26,Barguna,4:49 AM,6:11 PM
1200,20-03-26,Barguna,4:48 AM,6:12 PM
1201,19-02-26,Pirojpur,5:13 AM,5:59 PM
1202,20-02-26,Pirojpur,5:12 AM,6:00 PM
1203,21-02-26,Pirojpur,5:12 AM,6:00 PM
1204,22-02-26,Pirojpur,5:11 AM,6:01 PM
1205,23-02-26,Pirojpur,5:10 AM,6:01 PM
1206,24-02-26,Pirojpur,5:10 AM,6:02 PM
1207,25-02-26,Pirojpur,5:09 AM,6:02 PM
1208,26-02-26,Pirojpur,5:08 AM,6:03 PM
1209,27-02-26,Pirojpur,5:07 AM,6:03 PM
1210,28-02-26,Pirojpur,5:07 AM,6:04 PM
1211,01-03-26,Pirojpur,5:06 AM,6:04 PM
1212,02-03-26,Pirojpur,5:05 AM,6:05 PM
1213,03-03-26,Pirojpur,5:04 AM,6:05 PM
1214,04-03-26,Pirojpur,5:03 AM,6:06 PM
1215,05-03-26,Pirojpur,5:02 AM,6:06 PM
1216,06-03-26,Pirojpur,5:02 AM,6:06 PM
1217,07-03-26,Pirojpur,5:01 AM,6:07 PM
1218,08-03-26,Pirojpur,5:00 AM,6:07 PM
1219,09-03-26,Pirojpur,4:59 AM,6:08 PM
1220,10-03-26,Pirojpur,4:58 AM,6:08 PM
1221,11-03-26,Pirojpur,4:57 AM,6:08 PM
1222,12-03-26,Pirojpur,4:56 AM,6:09 PM
1223,13-03-26,Pirojpur,4:55 AM,6:09 PM
1224,14-03-26,Pirojpur,4:54 AM,6:10 PM
1225,15-03-26,Pirojpur,4:53 AM,6:10 PM
1226,16-03-26,Pirojpur,4:52 AM,6:10 PM
1227,17-03-26,Pirojpur,4:51 AM,6:11 PM
1228,18-03-26,Pirojpur,4:50 AM,6:11 PM
1229,19-03-26,Pirojpur,4:50 AM,6:11 PM
1230,20-03-26,Pirojpur,4:49 AM,6:12 PM
1231,19-02-26,Patuakhali,5:11 AM,5:59 PM
1232,20-02-26,Patuakhali,5:10 AM,6:00 PM
1233,21-02-26,Patuakhali,5:10 AM,6:00 PM
1234,22-02-26,Patuakhali,5:09 AM,6:01 PM
1235,23-02-26,Patuakhali,5:08 AM,6:01 PM
1236,24-02-26,Patuakhali,5:08 AM,6:02 PM
1237,25-02-26,Patuakhali,5:07 AM,6:02 PM
1238,26-02-26,Patuakhali,5:06 AM,6:03 PM
1239,27-02-26,Patuakhali,5:05 AM,6:03 PM
1240,28-02-26,Patuakhali,5:05 AM,6:03 PM
1241,01-03-26,Patuakhali,5:04 AM,6:04 PM
1242,02-03-26,Patuakhali,5:03 AM,6:04 PM
1243,03-03-26,Patuakhali,5:02 AM,6:05 PM
1244,04-03-26,Patuakhali,5:01 AM,6:05 PM
1245,05-03-26,Patuakhali,5:01 AM,6:05 PM
1246,06-03-26,Patuakhali,5:00 AM,6:06 PM
1247,07-03-26,Patuakhali,4:59 AM,6:06 PM
1248,08-03-26,Patuakhali,4:58 AM,6:07 PM
1249,09-03-26,Patuakhali,4:57 AM,6:07 PM
1250,10-03-26,Patuakhali,4:56 AM,6:07 PM
1251,11-03-26,Patuakhali,4:55 AM,6:08 PM
1252,12-03-26,Patuakhali,4:55 AM,6:08 PM
1253,13-03-26,Patuakhali,4:54 AM,6:08 PM
1254,14-03-26,Patuakhali,4:53 AM,6:09 PM
1255,15-03-26,Patuakhali,4:52 AM,6:09 PM
1256,16-03-26,Patuakhali,4:51 AM,6:10 PM
1257,17-03-26,Patuakhali,4:50 AM,6:10 PM
1258,18-03-26,Patuakhali,4:49 AM,6:10 PM
1259,19-03-26,Patuakhali,4:48 AM,6:11 PM
1260,20-03-26,Patuakhali,4:47 AM,6:11 PM
1261,19-02-26,Jhalokati,5:12 AM,5:59 PM
1262,20-02-26,Jhalokati,5:11 AM,6:00 PM
1263,21-02-26,Jhalokati,5:11 AM,6:00 PM
1264,22-02-26,Jhalokati,5:10 AM,6:01 PM
1265,23-02-26,Jhalokati,5:09 AM,6:01 PM
1266,24-02-26,Jhalokati,5:09 AM,6:02 PM
1267,25-02-26,Jhalokati,5:08 AM,6:02 PM
1268,26-02-26,Jhalokati,5:07 AM,6:02 PM
1269,27-02-26,Jhalokati,5:07 AM,6:03 PM
1270,28-02-26,Jhalokati,5:06 AM,6:03 PM
1271,01-03-26,Jhalokati,5:05 AM,6:04 PM
1272,02-03-26,Jhalokati,5:04 AM,6:04 PM
1273,03-03-26,Jhalokati,5:03 AM,6:05 PM
1274,04-03-26,Jhalokati,5:03 AM,6:05 PM
1275,05-03-26,Jhalokati,5:02 AM,6:05 PM
1276,06-03-26,Jhalokati,5:01 AM,6:06 PM
1277,07-03-26,Jhalokati,5:00 AM,6:06 PM
1278,08-03-26,Jhalokati,4:59 AM,6:07 PM
1279,09-03-26,Jhalokati,4:58 AM,6:07 PM
1280,10-03-26,Jhalokati,4:57 AM,6:07 PM
1281,11-03-26,Jhalokati,4:56 AM,6:08 PM
1282,12-03-26,Jhalokati,4:55 AM,6:08 PM
1283,13-03-26,Jhalokati,4:55 AM,6:09 PM
1284,14-03-26,Jhalokati,4:54 AM,6:09 PM
1285,15-03-26,Jhalokati,4:53 AM,6:09 PM
1286,16-03-26,Jhalokati,4:52 AM,6:10 PM
1287,17-03-26,Jhalokati,4:51 AM,6:10 PM
1288,18-03-26,Jhalokati,4:50 AM,6:10 PM
1289,19-03-26,Jhalokati,4:49 AM,6:11 PM
1290,20-03-26,Jhalokati,4:48 AM,6:11 PM
1291,19-02-26,Lakshmipur,5:10 AM,5:56 PM
1292,20-02-26,Lakshmipur,5:09 AM,5:56 PM
1293,21-02-26,Lakshmipur,5:08 AM,5:57 PM
1294,22-02-26,Lakshmipur,5:08 AM,5:58 PM
1295,23-02-26,Lakshmipur,5:07 AM,5:58 PM
1296,24-02-26,Lakshmipur,5:06 AM,5:59 PM
1297,25-02-26,Lakshmipur,5:06 AM,5:59 PM
1298,26-02-26,Lakshmipur,5:05 AM,5:59 PM
1299,27-02-26,Lakshmipur,5:04 AM,6:00 PM
1300,28-02-26,Lakshmipur,5:03 AM,6:00 PM
1301,01-03-26,Lakshmipur,5:02 AM,6:01 PM
1302,02-03-26,Lakshmipur,5:02 AM,6:01 PM
1303,03-03-26,Lakshmipur,5:01 AM,6:02 PM
1304,04-03-26,Lakshmipur,5:00 AM,6:02 PM
1305,05-03-26,Lakshmipur,4:59 AM,6:03 PM
1306,06-03-26,Lakshmipur,4:58 AM,6:03 PM
1307,07-03-26,Lakshmipur,4:57 AM,6:04 PM
1308,08-03-26,Lakshmipur,4:57 AM,6:04 PM
1309,09-03-26,Lakshmipur,4:56 AM,6:04 PM
1310,10-03-26,Lakshmipur,4:55 AM,6:05 PM
1311,11-03-26,Lakshmipur,4:54 AM,6:05 PM
1312,12-03-26,Lakshmipur,4:53 AM,6:06 PM
1313,13-03-26,Lakshmipur,4:52 AM,6:06 PM
1314,14-03-26,Lakshmipur,4:51 AM,6:06 PM
1315,15-03-26,Lakshmipur,4:50 AM,6:07 PM
1316,16-03-26,Lakshmipur,4:49 AM,6:07 PM
1317,17-03-26,Lakshmipur,4:48 AM,6:08 PM
1318,18-03-26,Lakshmipur,4:47 AM,6:08 PM
1319,19-03-26,Lakshmipur,4:46 AM,6:08 PM
1320,20-03-26,Lakshmipur,4:45 AM,6:09 PM
1321,19-02-26,Rangamati,5:03 AM,5:51 PM
1322,20-02-26,Rangamati,5:02 AM,5:52 PM
1323,21-02-26,Rangamati,5:02 AM,5:52 PM
1324,22-02-26,Rangamati,5:01 AM,5:53 PM
1325,23-02-26,Rangamati,5:00 AM,5:53 PM
1326,24-02-26,Rangamati,5:00 AM,5:54 PM
1327,25-02-26,Rangamati,4:59 AM,5:54 PM
1328,26-02-26,Rangamati,4:58 AM,5:55 PM
1329,27-02-26,Rangamati,4:58 AM,5:55 PM
1330,28-02-26,Rangamati,4:57 AM,5:56 PM
1331,01-03-26,Rangamati,4:56 AM,5:56 PM
1332,02-03-26,Rangamati,4:55 AM,5:56 PM
1333,03-03-26,Rangamati,4:54 AM,5:57 PM
1334,04-03-26,Rangamati,4:54 AM,5:57 PM
1335,05-03-26,Rangamati,4:53 AM,5:58 PM
1336,06-03-26,Rangamati,4:52 AM,5:58 PM
1337,07-03-26,Rangamati,4:51 AM,5:59 PM
1338,08-03-26,Rangamati,4:50 AM,5:59 PM
1339,09-03-26,Rangamati,4:49 AM,5:59 PM
1340,10-03-26,Rangamati,4:49 AM,6:00 PM
1341,11-03-26,Rangamati,4:48 AM,6:00 PM
1342,12-03-26,Rangamati,4:47 AM,6:01 PM
1343,13-03-26,Rangamati,4:46 AM,6:01 PM
1344,14-03-26,Rangamati,4:45 AM,6:01 PM
1345,15-03-26,Rangamati,4:44 AM,6:02 PM
1346,16-03-26,Rangamati,4:43 AM,6:02 PM
1347,17-03-26,Rangamati,4:42 AM,6:02 PM
1348,18-03-26,Rangamati,4:41 AM,6:03 PM
1349,19-03-26,Rangamati,4:40 AM,6:03 PM
1350,20-03-26,Rangamati,4:39 AM,6:04 PM
1351,19-02-26,Brahmanbaria,5:09 AM,5:55 PM
1352,20-02-26,Brahmanbaria,5:08 AM,5:56 PM
1353,21-02-26,Brahmanbaria,5:08 AM,5:56 PM
1354,22-02-26,Brahmanbaria,5:07 AM,5:57 PM
1355,23-02-26,Brahmanbaria,5:06 AM,5:57 PM
1356,24-02-26,Brahmanbaria,5:05 AM,5:58 PM
1357,25-02-26,Brahmanbaria,5:05 AM,5:58 PM
1358,26-02-26,Brahmanbaria,5:04 AM,5:59 PM
1359,27-02-26,Brahmanbaria,5:03 AM,5:59 PM
1360,28-02-26,Brahmanbaria,5:02 AM,6:00 PM
1361,01-03-26,Brahmanbaria,5:01 AM,6:00 PM
1362,02-03-26,Brahmanbaria,5:00 AM,6:01 PM
1363,03-03-26,Brahmanbaria,5:00 AM,6:01 PM
1364,04-03-26,Brahmanbaria,4:59 AM,6:02 PM
1365,05-03-26,Brahmanbaria,4:58 AM,6:02 PM
1366,06-03-26,Brahmanbaria,4:57 AM,6:02 PM
1367,07-03-26,Brahmanbaria,4:56 AM,6:03 PM
1368,08-03-26,Brahmanbaria,4:55 AM,6:03 PM
1369,09-03-26,Brahmanbaria,4:54 AM,6:04 PM
1370,10-03-26,Brahmanbaria,4:53 AM,6:04 PM
1371,11-03-26,Brahmanbaria,4:52 AM,6:05 PM
1372,12-03-26,Brahmanbaria,4:51 AM,6:05 PM
1373,13-03-26,Brahmanbaria,4:50 AM,6:06 PM
1374,14-03-26,Brahmanbaria,4:49 AM,6:06 PM
1375,15-03-26,Brahmanbaria,4:48 AM,6:06 PM
1376,16-03-26,Brahmanbaria,4:47 AM,6:07 PM
1377,17-03-26,Brahmanbaria,4:46 AM,6:07 PM
1378,18-03-26,Brahmanbaria,4:45 AM,6:08 PM
1379,19-03-26,Brahmanbaria,4:44 AM,6:08 PM
1380,20-03-26,Brahmanbaria,4:43 AM,6:08 PM
1381,19-02-26,Bandarban,5:02 AM,5:51 PM
1382,20-02-26,Bandarban,5:02 AM,5:52 PM
1383,21-02-26,Bandarban,5:01 AM,5:52 PM
1384,22-02-26,Bandarban,5:01 AM,5:53 PM
1385,23-02-26,Bandarban,5:00 AM,5:53 PM
1386,24-02-26,Bandarban,4:59 AM,5:54 PM
1387,25-02-26,Bandarban,4:59 AM,5:54 PM
1388,26-02-26,Bandarban,4:58 AM,5:55 PM
1389,27-02-26,Bandarban,4:57 AM,5:55 PM
1390,28-02-26,Bandarban,4:56 AM,5:55 PM
1391,01-03-26,Bandarban,4:56 AM,5:56 PM
1392,02-03-26,Bandarban,4:55 AM,5:56 PM
1393,03-03-26,Bandarban,4:54 AM,5:57 PM
1394,04-03-26,Bandarban,4:53 AM,5:57 PM
1395,05-03-26,Bandarban,4:53 AM,5:58 PM
1396,06-03-26,Bandarban,4:52 AM,5:58 PM
1397,07-03-26,Bandarban,4:51 AM,5:58 PM
1398,08-03-26,Bandarban,4:50 AM,5:59 PM
1399,09-03-26,Bandarban,4:49 AM,5:59 PM
1400,10-03-26,Bandarban,4:48 AM,5:59 PM
1401,11-03-26,Bandarban,4:48 AM,6:00 PM
1402,12-03-26,Bandarban,4:47 AM,6:00 PM
1403,13-03-26,Bandarban,4:46 AM,6:01 PM
1404,14-03-26,Bandarban,4:45 AM,6:01 PM
1405,15-03-26,Bandarban,4:44 AM,6:01 PM
1406,16-03-26,Bandarban,4:43 AM,6:02 PM
1407,17-03-26,Bandarban,4:42 AM,6:02 PM
1408,18-03-26,Bandarban,4:41 AM,6:02 PM
1409,19-03-26,Bandarban,4:40 AM,6:03 PM
1410,20-03-26,Bandarban,4:39 AM,6:03 PM
1411,19-02-26,Feni,5:07 AM,5:54 PM
1412,20-02-26,Feni,5:07 AM,5:54 PM
1413,21-02-26,Feni,5:06 AM,5:55 PM
1414,22-02-26,Feni,5:05 AM,5:55 PM
1415,23-02-26,Feni,5:05 AM,5:56 PM
1416,24-02-26,Feni,5:04 AM,5:56 PM
1417,25-02-26,Feni,5:03 AM,5:57 PM
1418,26-02-26,Feni,5:03 AM,5:57 PM
1419,27-02-26,Feni,5:02 AM,5:58 PM
1420,28-02-26,Feni,5:01 AM,5:58 PM
1421,01-03-26,Feni,5:00 AM,5:59 PM
1422,02-03-26,Feni,4:59 AM,5:59 PM
1423,03-03-26,Feni,4:59 AM,5:59 PM
1424,04-03-26,Feni,4:58 AM,6:00 PM
1425,05-03-26,Feni,4:57 AM,6:00 PM
1426,06-03-26,Feni,4:56 AM,6:01 PM
1427,07-03-26,Feni,4:55 AM,6:01 PM
1428,08-03-26,Feni,4:54 AM,6:02 PM
1429,09-03-26,Feni,4:53 AM,6:02 PM
1430,10-03-26,Feni,4:52 AM,6:02 PM
1431,11-03-26,Feni,4:52 AM,6:03 PM
1432,12-03-26,Feni,4:51 AM,6:03 PM
1433,13-03-26,Feni,4:50 AM,6:04 PM
1434,14-03-26,Feni,4:49 AM,6:04 PM
1435,15-03-26,Feni,4:48 AM,6:04 PM
1436,16-03-26,Feni,4:47 AM,6:05 PM
1437,17-03-26,Feni,4:46 AM,6:05 PM
1438,18-03-26,Feni,4:45 AM,6:06 PM
1439,19-03-26,Feni,4:44 AM,6:06 PM
1440,20-03-26,Feni,4:43 AM,6:06 PM
1441,19-02-26,Noakhali,5:08 AM,5:55 PM
1442,20-02-26,Noakhali,5:07 AM,5:55 PM
1443,21-02-26,Noakhali,5:07 AM,5:56 PM
1444,22-02-26,Noakhali,5:06 AM,5:57 PM
1445,23-02-26,Noakhali,5:05 AM,5:57 PM
1446,24-02-26,Noakhali,5:04 AM,5:58 PM
1447,25-02-26,Noakhali,5:04 AM,5:58 PM
1448,26-02-26,Noakhali,5:03 AM,5:58 PM
1449,27-02-26,Noakhali,5:02 AM,5:59 PM
1450,28-02-26,Noakhali,5:02 AM,5:59 PM
1451,01-03-26,Noakhali,5:01 AM,6:00 PM
1452,02-03-26,Noakhali,5:00 AM,6:00 PM
1453,03-03-26,Noakhali,4:59 AM,6:01 PM
1454,04-03-26,Noakhali,4:58 AM,6:01 PM
1455,05-03-26,Noakhali,4:58 AM,6:02 PM
1456,06-03-26,Noakhali,4:57 AM,6:02 PM
1457,07-03-26,Noakhali,4:56 AM,6:03 PM
1458,08-03-26,Noakhali,4:55 AM,6:03 PM
1459,09-03-26,Noakhali,4:54 AM,6:03 PM
1460,10-03-26,Noakhali,4:53 AM,6:04 PM
1461,11-03-26,Noakhali,4:52 AM,6:04 PM
1462,12-03-26,Noakhali,4:51 AM,6:05 PM
1463,13-03-26,Noakhali,4:50 AM,6:05 PM
1464,14-03-26,Noakhali,4:50 AM,6:05 PM
1465,15-03-26,Noakhali,4:49 AM,6:06 PM
1466,16-03-26,Noakhali,4:48 AM,6:06 PM
1467,17-03-26,Noakhali,4:47 AM,6:07 PM
1468,18-03-26,Noakhali,4:46 AM,6:07 PM
1469,19-03-26,Noakhali,4:45 AM,6:07 PM
1470,20-03-26,Noakhali,4:44 AM,6:08 PM
1471,19-02-26,Chandpur,5:10 AM,5:56 PM
1472,20-02-26,Chandpur,5:09 AM,5:57 PM
1473,21-02-26,Chandpur,5:08 AM,5:57 PM
1474,22-02-26,Chandpur,5:08 AM,5:58 PM
1475,23-02-26,Chandpur,5:07 AM,5:58 PM
1476,24-02-26,Chandpur,5:06 AM,5:59 PM
1477,25-02-26,Chandpur,5:06 AM,5:59 PM
1478,26-02-26,Chandpur,5:05 AM,6:00 PM
1479,27-02-26,Chandpur,5:04 AM,6:00 PM
1480,28-02-26,Chandpur,5:03 AM,6:01 PM
1481,01-03-26,Chandpur,5:02 AM,6:01 PM
1482,02-03-26,Chandpur,5:02 AM,6:02 PM
1483,03-03-26,Chandpur,5:01 AM,6:02 PM
1484,04-03-26,Chandpur,5:00 AM,6:03 PM
1485,05-03-26,Chandpur,4:59 AM,6:03 PM
1486,06-03-26,Chandpur,4:58 AM,6:04 PM
1487,07-03-26,Chandpur,4:57 AM,6:04 PM
1488,08-03-26,Chandpur,4:56 AM,6:04 PM
1489,09-03-26,Chandpur,4:56 AM,6:05 PM
1490,10-03-26,Chandpur,4:55 AM,6:05 PM
1491,11-03-26,Chandpur,4:54 AM,6:06 PM
1492,12-03-26,Chandpur,4:53 AM,6:06 PM
1493,13-03-26,Chandpur,4:52 AM,6:06 PM
1494,14-03-26,Chandpur,4:51 AM,6:07 PM
1495,15-03-26,Chandpur,4:50 AM,6:07 PM
1496,16-03-26,Chandpur,4:49 AM,6:08 PM
1497,17-03-26,Chandpur,4:48 AM,6:08 PM
1498,18-03-26,Chandpur,4:47 AM,6:08 PM
1499,19-03-26,Chandpur,4:46 AM,6:09 PM
1500,20-03-26,Chandpur,4:45 AM,6:09 PM
1501,19-02-26,Chattogram,5:05 AM,5:53 PM
1502,20-02-26,Chattogram,5:04 AM,5:54 PM
1503,21-02-26,Chattogram,5:03 AM,5:54 PM
1504,22-02-26,Chattogram,5:03 AM,5:55 PM
1505,23-02-26,Chattogram,5:02 AM,5:55 PM
1506,24-02-26,Chattogram,5:01 AM,5:56 PM
1507,25-02-26,Chattogram,5:01 AM,5:56 PM
1508,26-02-26,Chattogram,5:00 AM,5:57 PM
1509,27-02-26,Chattogram,4:59 AM,5:57 PM
1510,28-02-26,Chattogram,4:58 AM,5:58 PM
1511,01-03-26,Chattogram,4:58 AM,5:58 PM
1512,02-03-26,Chattogram,4:57 AM,5:59 PM
1513,03-03-26,Chattogram,4:56 AM,5:59 PM
1514,04-03-26,Chattogram,4:55 AM,5:59 PM
1515,05-03-26,Chattogram,4:54 AM,6:00 PM
1516,06-03-26,Chattogram,4:54 AM,6:00 PM
1517,07-03-26,Chattogram,4:53 AM,6:01 PM
1518,08-03-26,Chattogram,4:52 AM,6:01 PM
1519,09-03-26,Chattogram,4:51 AM,6:01 PM
1520,10-03-26,Chattogram,4:50 AM,6:02 PM
1521,11-03-26,Chattogram,4:49 AM,6:02 PM
1522,12-03-26,Chattogram,4:48 AM,6:03 PM
1523,13-03-26,Chattogram,4:47 AM,6:03 PM
1524,14-03-26,Chattogram,4:47 AM,6:03 PM
1525,15-03-26,Chattogram,4:46 AM,6:04 PM
1526,16-03-26,Chattogram,4:45 AM,6:04 PM
1527,17-03-26,Chattogram,4:44 AM,6:04 PM
1528,18-03-26,Chattogram,4:43 AM,6:05 PM
1529,19-03-26,Chattogram,4:42 AM,6:05 PM
1530,20-03-26,Chattogram,4:41 AM,6:06 PM
1531,19-02-26,Khagrachhari,5:05 AM,5:52 PM
1532,20-02-26,Khagrachhari,5:04 AM,5:52 PM
1533,21-02-26,Khagrachhari,5:04 AM,5:53 PM
1534,22-02-26,Khagrachhari,5:03 AM,5:53 PM
1535,23-02-26,Khagrachhari,5:02 AM,5:54 PM
1536,24-02-26,Khagrachhari,5:02 AM,5:54 PM
1537,25-02-26,Khagrachhari,5:01 AM,5:55 PM
1538,26-02-26,Khagrachhari,5:00 AM,5:55 PM
1539,27-02-26,Khagrachhari,4:59 AM,5:56 PM
1540,28-02-26,Khagrachhari,4:59 AM,5:56 PM
1541,01-03-26,Khagrachhari,4:58 AM,5:57 PM
1542,02-03-26,Khagrachhari,4:57 AM,5:57 PM
1543,03-03-26,Khagrachhari,4:56 AM,5:58 PM
1544,04-03-26,Khagrachhari,4:55 AM,5:58 PM
1545,05-03-26,Khagrachhari,4:54 AM,5:58 PM
1546,06-03-26,Khagrachhari,4:54 AM,5:59 PM
1547,07-03-26,Khagrachhari,4:53 AM,5:59 PM
1548,08-03-26,Khagrachhari,4:52 AM,6:00 PM
1549,09-03-26,Khagrachhari,4:51 AM,6:00 PM
1550,10-03-26,Khagrachhari,4:50 AM,6:01 PM
1551,11-03-26,Khagrachhari,4:49 AM,6:01 PM
1552,12-03-26,Khagrachhari,4:48 AM,6:01 PM
1553,13-03-26,Khagrachhari,4:47 AM,6:02 PM
1554,14-03-26,Khagrachhari,4:46 AM,6:02 PM
1555,15-03-26,Khagrachhari,4:45 AM,6:03 PM
1556,16-03-26,Khagrachhari,4:44 AM,6:03 PM
1557,17-03-26,Khagrachhari,4:43 AM,6:03 PM
1558,18-03-26,Khagrachhari,4:42 AM,6:04 PM
1559,19-03-26,Khagrachhari,4:41 AM,6:04 PM
1560,20-03-26,Khagrachhari,4:40 AM,6:04 PM
1561,19-02-26,Cumilla,5:08 AM,5:55 PM
1562,20-02-26,Cumilla,5:08 AM,5:56 PM
1563,21-02-26,Cumilla,5:07 AM,5:57 PM
1564,22-02-26,Cumilla,5:06 AM,5:57 PM
1565,23-02-26,Cumilla,5:06 AM,5:58 PM
1566,24-02-26,Cumilla,5:05 AM,5:58 PM
1567,25-02-26,Cumilla,5:04 AM,5:59 PM
1568,26-02-26,Cumilla,5:03 AM,5:59 PM
1569,27-02-26,Cumilla,5:03 AM,6:00 PM
1570,28-02-26,Cumilla,5:02 AM,6:00 PM
1571,01-03-26,Cumilla,5:01 AM,6:01 PM
1572,02-03-26,Cumilla,5:00 AM,6:01 PM
1573,03-03-26,Cumilla,4:59 AM,6:02 PM
1574,04-03-26,Cumilla,4:59 AM,6:02 PM
1575,05-03-26,Cumilla,4:58 AM,6:02 PM
1576,06-03-26,Cumilla,4:57 AM,6:03 PM
1577,07-03-26,Cumilla,4:56 AM,6:03 PM
1578,08-03-26,Cumilla,4:55 AM,6:04 PM
1579,09-03-26,Cumilla,4:54 AM,6:04 PM
1580,10-03-26,Cumilla,4:53 AM,6:05 PM
1581,11-03-26,Cumilla,4:52 AM,6:05 PM
1582,12-03-26,Cumilla,4:51 AM,6:06 PM
1583,13-03-26,Cumilla,4:51 AM,6:06 PM
1584,14-03-26,Cumilla,4:50 AM,6:06 PM
1585,15-03-26,Cumilla,4:49 AM,6:07 PM
1586,16-03-26,Cumilla,4:48 AM,6:07 PM
1587,17-03-26,Cumilla,4:47 AM,6:08 PM
1588,18-03-26,Cumilla,4:46 AM,6:08 PM
1589,19-03-26,Cumilla,4:45 AM,6:08 PM
1590,20-03-26,Cumilla,4:44 AM,6:09 PM
1591,19-02-26,Cox's Bazar,5:03 AM,5:52 PM
1592,20-02-26,Cox's Bazar,5:03 AM,5:53 PM
1593,21-02-26,Cox's Bazar,5:02 AM,5:53 PM
1594,22-02-26,Cox's Bazar,5:02 AM,5:54 PM
1595,23-02-26,Cox's Bazar,5:01 AM,5:54 PM
1596,24-02-26,Cox's Bazar,5:00 AM,5:55 PM
1597,25-02-26,Cox's Bazar,5:00 AM,5:55 PM
1598,26-02-26,Cox's Bazar,4:59 AM,5:56 PM
1599,27-02-26,Cox's Bazar,4:58 AM,5:56 PM
1600,28-02-26,Cox's Bazar,4:58 AM,5:56 PM
1601,01-03-26,Cox's Bazar,4:57 AM,5:57 PM
1602,02-03-26,Cox's Bazar,4:56 AM,5:57 PM
1603,03-03-26,Cox's Bazar,4:55 AM,5:58 PM
1604,04-03-26,Cox's Bazar,4:55 AM,5:58 PM
1605,05-03-26,Cox's Bazar,4:54 AM,5:59 PM
1606,06-03-26,Cox's Bazar,4:53 AM,5:59 PM
1607,07-03-26,Cox's Bazar,4:52 AM,5:59 PM
1608,08-03-26,Cox's Bazar,4:51 AM,6:00 PM
1609,09-03-26,Cox's Bazar,4:51 AM,6:00 PM
1610,10-03-26,Cox's Bazar,4:50 AM,6:00 PM
1611,11-03-26,Cox's Bazar,4:49 AM,6:01 PM
1612,12-03-26,Cox's Bazar,4:48 AM,6:01 PM
1613,13-03-26,Cox's Bazar,4:47 AM,6:01 PM
1614,14-03-26,Cox's Bazar,4:46 AM,6:02 PM
1615,15-03-26,Cox's Bazar,4:46 AM,6:02 PM
1616,16-03-26,Cox's Bazar,4:45 AM,6:03 PM
1617,17-03-26,Cox's Bazar,4:44 AM,6:03 PM
1618,18-03-26,Cox's Bazar,4:43 AM,6:03 PM
1619,19-03-26,Cox's Bazar,4:42 AM,6:04 PM
1620,20-03-26,Cox's Bazar,4:41 AM,6:04 PM
1621,19-02-26,Satkhira,5:16 AM,6:03 PM
1622,20-02-26,Satkhira,5:15 AM,6:04 PM
1623,21-02-26,Satkhira,5:15 AM,6:04 PM
1624,22-02-26,Satkhira,5:14 AM,6:05 PM
1625,23-02-26,Satkhira,5:13 AM,6:05 PM
1626,24-02-26,Satkhira,5:13 AM,6:06 PM
1627,25-02-26,Satkhira,5:12 AM,6:06 PM
1628,26-02-26,Satkhira,5:11 AM,6:07 PM
1629,27-02-26,Satkhira,5:10 AM,6:07 PM
1630,28-02-26,Satkhira,5:10 AM,6:07 PM
1631,01-03-26,Satkhira,5:09 AM,6:08 PM
1632,02-03-26,Satkhira,5:08 AM,6:08 PM
1633,03-03-26,Satkhira,5:07 AM,6:09 PM
1634,04-03-26,Satkhira,5:07 AM,6:09 PM
1635,05-03-26,Satkhira,5:06 AM,6:10 PM
1636,06-03-26,Satkhira,5:05 AM,6:10 PM
1637,07-03-26,Satkhira,5:04 AM,6:11 PM
1638,08-03-26,Satkhira,5:03 AM,6:11 PM
1639,09-03-26,Satkhira,5:02 AM,6:11 PM
1640,10-03-26,Satkhira,5:02 AM,6:12 PM
1641,11-03-26,Satkhira,5:01 AM,6:12 PM
1642,12-03-26,Satkhira,5:00 AM,6:13 PM
1643,13-03-26,Satkhira,4:59 AM,6:13 PM
1644,14-03-26,Satkhira,4:58 AM,6:13 PM
1645,15-03-26,Satkhira,4:57 AM,6:14 PM
1646,16-03-26,Satkhira,4:56 AM,6:14 PM
1647,17-03-26,Satkhira,4:55 AM,6:15 PM
1648,18-03-26,Satkhira,4:54 AM,6:15 PM
1649,19-03-26,Satkhira,4:53 AM,6:15 PM
1650,20-03-26,Satkhira,4:52 AM,6:16 PM
1651,19-02-26,Jashore,5:16 AM,6:03 PM
1652,20-02-26,Jashore,5:15 AM,6:04 PM
1653,21-02-26,Jashore,5:14 AM,6:04 PM
1654,22-02-26,Jashore,5:14 AM,6:05 PM
1655,23-02-26,Jashore,5:13 AM,6:05 PM
1656,24-02-26,Jashore,5:12 AM,6:06 PM
1657,25-02-26,Jashore,5:11 AM,6:06 PM
1658,26-02-26,Jashore,5:11 AM,6:07 PM
1659,27-02-26,Jashore,5:10 AM,6:07 PM
1660,28-02-26,Jashore,5:09 AM,6:08 PM
1661,01-03-26,Jashore,5:08 AM,6:08 PM
1662,02-03-26,Jashore,5:07 AM,6:09 PM
1663,03-03-26,Jashore,5:07 AM,6:09 PM
1664,04-03-26,Jashore,5:06 AM,6:09 PM
1665,05-03-26,Jashore,5:05 AM,6:10 PM
1666,06-03-26,Jashore,5:04 AM,6:10 PM
1667,07-03-26,Jashore,5:03 AM,6:11 PM
1668,08-03-26,Jashore,5:02 AM,6:11 PM
1669,09-03-26,Jashore,5:01 AM,6:12 PM
1670,10-03-26,Jashore,5:01 AM,6:12 PM
1671,11-03-26,Jashore,5:00 AM,6:12 PM
1672,12-03-26,Jashore,4:59 AM,6:13 PM
1673,13-03-26,Jashore,4:58 AM,6:13 PM
1674,14-03-26,Jashore,4:57 AM,6:14 PM
1675,15-03-26,Jashore,4:56 AM,6:14 PM
1676,16-03-26,Jashore,4:55 AM,6:14 PM
1677,17-03-26,Jashore,4:54 AM,6:15 PM
1678,18-03-26,Jashore,4:53 AM,6:15 PM
1679,19-03-26,Jashore,4:52 AM,6:16 PM
1680,20-03-26,Jashore,4:51 AM,6:16 PM
1681,19-02-26,Meherpur,5:19 AM,6:04 PM
1682,20-02-26,Meherpur,5:18 AM,6:04 PM
1683,21-02-26,Meherpur,5:17 AM,6:05 PM
1684,22-02-26,Meherpur,5:16 AM,6:05 PM
1685,23-02-26,Meherpur,5:16 AM,6:06 PM
1686,24-02-26,Meherpur,5:15 AM,6:06 PM
1687,25-02-26,Meherpur,5:14 AM,6:07 PM
1688,26-02-26,Meherpur,5:13 AM,6:07 PM
1689,27-02-26,Meherpur,5:13 AM,6:08 PM
1690,28-02-26,Meherpur,5:12 AM,6:08 PM
1691,01-03-26,Meherpur,5:11 AM,6:09 PM
1692,02-03-26,Meherpur,5:10 AM,6:09 PM
1693,03-03-26,Meherpur,5:09 AM,6:10 PM
1694,04-03-26,Meherpur,5:08 AM,6:10 PM
1695,05-03-26,Meherpur,5:08 AM,6:11 PM
1696,06-03-26,Meherpur,5:07 AM,6:11 PM
1697,07-03-26,Meherpur,5:06 AM,6:12 PM
1698,08-03-26,Meherpur,5:05 AM,6:12 PM
1699,09-03-26,Meherpur,5:04 AM,6:12 PM
1700,10-03-26,Meherpur,5:03 AM,6:13 PM
1701,11-03-26,Meherpur,5:02 AM,6:13 PM
1702,12-03-26,Meherpur,5:01 AM,6:14 PM
1703,13-03-26,Meherpur,5:00 AM,6:14 PM
1704,14-03-26,Meherpur,4:59 AM,6:15 PM
1705,15-03-26,Meherpur,4:58 AM,6:15 PM
1706,16-03-26,Meherpur,4:57 AM,6:15 PM
1707,17-03-26,Meherpur,4:56 AM,6:16 PM
1708,18-03-26,Meherpur,4:55 AM,6:16 PM
1709,19-03-26,Meherpur,4:54 AM,6:17 PM
1710,20-03-26,Meherpur,4:53 AM,6:17 PM
1711,19-02-26,Magura,5:15 AM,6:01 PM
1712,20-02-26,Magura,5:15 AM,6:02 PM
1713,21-02-26,Magura,5:14 AM,6:02 PM
1714,22-02-26,Magura,5:13 AM,6:03 PM
1715,23-02-26,Magura,5:13 AM,6:03 PM
1716,24-02-26,Magura,5:12 AM,6:04 PM
1717,25-02-26,Magura,5:11 AM,6:04 PM
1718,26-02-26,Magura,5:10 AM,6:05 PM
1719,27-02-26,Magura,5:10 AM,6:05 PM
1720,28-02-26,Magura,5:09 AM,6:06 PM
1721,01-03-26,Magura,5:08 AM,6:06 PM
1722,02-03-26,Magura,5:07 AM,6:07 PM
1723,03-03-26,Magura,5:06 AM,6:07 PM
1724,04-03-26,Magura,5:05 AM,6:08 PM
1725,05-03-26,Magura,5:05 AM,6:08 PM
1726,06-03-26,Magura,5:04 AM,6:09 PM
1727,07-03-26,Magura,5:03 AM,6:09 PM
1728,08-03-26,Magura,5:02 AM,6:09 PM
1729,09-03-26,Magura,5:01 AM,6:10 PM
1730,10-03-26,Magura,5:00 AM,6:10 PM
1731,11-03-26,Magura,4:59 AM,6:11 PM
1732,12-03-26,Magura,4:58 AM,6:11 PM
1733,13-03-26,Magura,4:57 AM,6:12 PM
1734,14-03-26,Magura,4:56 AM,6:12 PM
1735,15-03-26,Magura,4:55 AM,6:12 PM
1736,16-03-26,Magura,4:54 AM,6:13 PM
1737,17-03-26,Magura,4:53 AM,6:13 PM
1738,18-03-26,Magura,4:52 AM,6:14 PM
1739,19-03-26,Magura,4:51 AM,6:14 PM
1740,20-03-26,Magura,4:50 AM,6:14 PM
1741,19-02-26,Bagerhat,5:14 AM,6:01 PM
1742,20-02-26,Bagerhat,5:13 AM,6:01 PM
1743,21-02-26,Bagerhat,5:12 AM,6:02 PM
1744,22-02-26,Bagerhat,5:12 AM,6:02 PM
1745,23-02-26,Bagerhat,5:11 AM,6:03 PM
1746,24-02-26,Bagerhat,5:10 AM,6:03 PM
1747,25-02-26,Bagerhat,5:10 AM,6:04 PM
1748,26-02-26,Bagerhat,5:09 AM,6:04 PM
1749,27-02-26,Bagerhat,5:08 AM,6:05 PM
1750,28-02-26,Bagerhat,5:07 AM,6:05 PM
1751,01-03-26,Bagerhat,5:07 AM,6:06 PM
1752,02-03-26,Bagerhat,5:06 AM,6:06 PM
1753,03-03-26,Bagerhat,5:05 AM,6:06 PM
1754,04-03-26,Bagerhat,5:04 AM,6:07 PM
1755,05-03-26,Bagerhat,5:03 AM,6:07 PM
1756,06-03-26,Bagerhat,5:03 AM,6:08 PM
1757,07-03-26,Bagerhat,5:02 AM,6:08 PM
1758,08-03-26,Bagerhat,5:01 AM,6:09 PM
1759,09-03-26,Bagerhat,5:00 AM,6:09 PM
1760,10-03-26,Bagerhat,4:59 AM,6:09 PM
1761,11-03-26,Bagerhat,4:58 AM,6:10 PM
1762,12-03-26,Bagerhat,4:57 AM,6:10 PM
1763,13-03-26,Bagerhat,4:56 AM,6:11 PM
1764,14-03-26,Bagerhat,4:55 AM,6:11 PM
1765,15-03-26,Bagerhat,4:54 AM,6:11 PM
1766,16-03-26,Bagerhat,4:53 AM,6:12 PM
1767,17-03-26,Bagerhat,4:52 AM,6:12 PM
1768,18-03-26,Bagerhat,4:52 AM,6:12 PM
1769,19-03-26,Bagerhat,4:51 AM,6:13 PM
1770,20-03-26,Bagerhat,4:50 AM,6:13 PM
1771,19-02-26,Narail,5:15 AM,6:01 PM
1772,20-02-26,Narail,5:14 AM,6:01 PM
1773,21-02-26,Narail,5:13 AM,6:02 PM
1774,22-02-26,Narail,5:13 AM,6:02 PM
1775,23-02-26,Narail,5:12 AM,6:03 PM
1776,24-02-26,Narail,5:11 AM,6:03 PM
1777,25-02-26,Narail,5:10 AM,6:04 PM
1778,26-02-26,Narail,5:10 AM,6:04 PM
1779,27-02-26,Narail,5:09 AM,6:05 PM
1780,28-02-26,Narail,5:08 AM,6:05 PM
1781,01-03-26,Narail,5:07 AM,6:06 PM
1782,02-03-26,Narail,5:06 AM,6:06 PM
1783,03-03-26,Narail,5:06 AM,6:07 PM
1784,04-03-26,Narail,5:05 AM,6:07 PM
1785,05-03-26,Narail,5:04 AM,6:08 PM
1786,06-03-26,Narail,5:03 AM,6:08 PM
1787,07-03-26,Narail,5:02 AM,6:09 PM
1788,08-03-26,Narail,5:01 AM,6:09 PM
1789,09-03-26,Narail,5:00 AM,6:09 PM
1790,10-03-26,Narail,5:00 AM,6:10 PM
1791,11-03-26,Narail,4:59 AM,6:10 PM
1792,12-03-26,Narail,4:58 AM,6:11 PM
1793,13-03-26,Narail,4:57 AM,6:11 PM
1794,14-03-26,Narail,4:56 AM,6:11 PM
1795,15-03-26,Narail,4:55 AM,6:12 PM
1796,16-03-26,Narail,4:54 AM,6:12 PM
1797,17-03-26,Narail,4:53 AM,6:13 PM
1798,18-03-26,Narail,4:52 AM,6:13 PM
1799,19-03-26,Narail,4:51 AM,6:13 PM
1800,20-03-26,Narail,4:50 AM,6:14 PM
1801,19-02-26,Jhenaidah,5:16 AM,6:03 PM
1802,20-02-26,Jhenaidah,5:16 AM,6:04 PM
1803,21-02-26,Jhenaidah,5:15 AM,6:05 PM
1804,22-02-26,Jhenaidah,5:14 AM,6:05 PM
1805,23-02-26,Jhenaidah,5:14 AM,6:06 PM
1806,24-02-26,Jhenaidah,5:13 AM,6:06 PM
1807,25-02-26,Jhenaidah,5:12 AM,6:07 PM
1808,26-02-26,Jhenaidah,5:11 AM,6:07 PM
1809,27-02-26,Jhenaidah,5:11 AM,6:08 PM
1810,28-02-26,Jhenaidah,5:10 AM,6:08 PM
1811,01-03-26,Jhenaidah,5:09 AM,6:09 PM
1812,02-03-26,Jhenaidah,5:08 AM,6:09 PM
1813,03-03-26,Jhenaidah,5:07 AM,6:09 PM
1814,04-03-26,Jhenaidah,5:07 AM,6:10 PM
1815,05-03-26,Jhenaidah,5:06 AM,6:10 PM
1816,06-03-26,Jhenaidah,5:05 AM,6:11 PM
1817,07-03-26,Jhenaidah,5:04 AM,6:11 PM
1818,08-03-26,Jhenaidah,5:03 AM,6:12 PM
1819,09-03-26,Jhenaidah,5:02 AM,6:12 PM
1820,10-03-26,Jhenaidah,5:01 AM,6:12 PM
1821,11-03-26,Jhenaidah,5:00 AM,6:13 PM
1822,12-03-26,Jhenaidah,4:59 AM,6:13 PM
1823,13-03-26,Jhenaidah,4:58 AM,6:14 PM
1824,14-03-26,Jhenaidah,4:57 AM,6:14 PM
1825,15-03-26,Jhenaidah,4:56 AM,6:15 PM
1826,16-03-26,Jhenaidah,4:55 AM,6:15 PM
1827,17-03-26,Jhenaidah,4:54 AM,6:15 PM
1828,18-03-26,Jhenaidah,4:53 AM,6:16 PM
1829,19-03-26,Jhenaidah,4:52 AM,6:16 PM
1830,20-03-26,Jhenaidah,4:51 AM,6:16 PM
1831,19-02-26,Chuadanga,5:18 AM,6:03 PM
1832,20-02-26,Chuadanga,5:17 AM,6:04 PM
1833,21-02-26,Chuadanga,5:17 AM,6:05 PM
1834,22-02-26,Chuadanga,5:16 AM,6:05 PM
1835,23-02-26,Chuadanga,5:15 AM,6:06 PM
1836,24-02-26,Chuadanga,5:14 AM,6:06 PM
1837,25-02-26,Chuadanga,5:14 AM,6:07 PM
1838,26-02-26,Chuadanga,5:13 AM,6:07 PM
1839,27-02-26,Chuadanga,5:12 AM,6:08 PM
1840,28-02-26,Chuadanga,5:11 AM,6:08 PM
1841,01-03-26,Chuadanga,5:10 AM,6:09 PM
1842,02-03-26,Chuadanga,5:10 AM,6:09 PM
1843,03-03-26,Chuadanga,5:09 AM,6:10 PM
1844,04-03-26,Chuadanga,5:08 AM,6:10 PM
1845,05-03-26,Chuadanga,5:07 AM,6:10 PM
1846,06-03-26,Chuadanga,5:06 AM,6:11 PM
1847,07-03-26,Chuadanga,5:05 AM,6:11 PM
1848,08-03-26,Chuadanga,5:04 AM,6:12 PM
1849,09-03-26,Chuadanga,5:03 AM,6:12 PM
1850,10-03-26,Chuadanga,5:03 AM,6:13 PM
1851,11-03-26,Chuadanga,5:02 AM,6:13 PM
1852,12-03-26,Chuadanga,5:01 AM,6:14 PM
1853,13-03-26,Chuadanga,5:00 AM,6:14 PM
1854,14-03-26,Chuadanga,4:59 AM,6:14 PM
1855,15-03-26,Chuadanga,4:58 AM,6:15 PM
1856,16-03-26,Chuadanga,4:57 AM,6:15 PM
1857,17-03-26,Chuadanga,4:56 AM,6:16 PM
1858,18-03-26,Chuadanga,4:55 AM,6:16 PM
1859,19-03-26,Chuadanga,4:54 AM,6:16 PM
1860,20-03-26,Chuadanga,4:53 AM,6:17 PM
1861,19-02-26,Khulna,5:15 AM,6:02 PM
1862,20-02-26,Khulna,5:14 AM,6:02 PM
1863,21-02-26,Khulna,5:13 AM,6:03 PM
1864,22-02-26,Khulna,5:13 AM,6:03 PM
1865,23-02-26,Khulna,5:12 AM,6:04 PM
1866,24-02-26,Khulna,5:11 AM,6:04 PM
1867,25-02-26,Khulna,5:11 AM,6:05 PM
1868,26-02-26,Khulna,5:10 AM,6:05 PM
1869,27-02-26,Khulna,5:09 AM,6:06 PM
1870,28-02-26,Khulna,5:08 AM,6:06 PM
1871,01-03-26,Khulna,5:08 AM,6:07 PM
1872,02-03-26,Khulna,5:07 AM,6:07 PM
1873,03-03-26,Khulna,5:06 AM,6:08 PM
1874,04-03-26,Khulna,5:05 AM,6:08 PM
1875,05-03-26,Khulna,5:04 AM,6:08 PM
1876,06-03-26,Khulna,5:03 AM,6:09 PM
1877,07-03-26,Khulna,5:02 AM,6:09 PM
1878,08-03-26,Khulna,5:02 AM,6:10 PM
1879,09-03-26,Khulna,5:01 AM,6:10 PM
1880,10-03-26,Khulna,5:00 AM,6:10 PM
1881,11-03-26,Khulna,4:59 AM,6:11 PM
1882,12-03-26,Khulna,4:58 AM,6:11 PM
1883,13-03-26,Khulna,4:57 AM,6:12 PM
1884,14-03-26,Khulna,4:56 AM,6:12 PM
1885,15-03-26,Khulna,4:55 AM,6:12 PM
1886,16-03-26,Khulna,4:54 AM,6:13 PM
1887,17-03-26,Khulna,4:53 AM,6:13 PM
1888,18-03-26,Khulna,4:52 AM,6:14 PM
1889,19-03-26,Khulna,4:51 AM,6:14 PM
1890,20-03-26,Khulna,4:50 AM,6:14 PM
1891,19-02-26,Kushtia,5:17 AM,6:03 PM
1892,20-02-26,Kushtia,5:16 AM,6:03 PM
1893,21-02-26,Kushtia,5:15 AM,6:04 PM
1894,22-02-26,Kushtia,5:15 AM,6:04 PM
1895,23-02-26,Kushtia,5:14 AM,6:05 PM
1896,24-02-26,Kushtia,5:13 AM,6:05 PM
1897,25-02-26,Kushtia,5:12 AM,6:06 PM
1898,26-02-26,Kushtia,5:12 AM,6:07 PM
1899,27-02-26,Kushtia,5:11 AM,6:07 PM
1900,28-02-26,Kushtia,5:10 AM,6:08 PM
1901,01-03-26,Kushtia,5:09 AM,6:08 PM
1902,02-03-26,Kushtia,5:08 AM,6:09 PM
1903,03-03-26,Kushtia,5:07 AM,6:09 PM
1904,04-03-26,Kushtia,5:07 AM,6:09 PM
1905,05-03-26,Kushtia,5:06 AM,6:10 PM
1906,06-03-26,Kushtia,5:05 AM,6:10 PM
1907,07-03-26,Kushtia,5:04 AM,6:11 PM
1908,08-03-26,Kushtia,5:03 AM,6:11 PM
1909,09-03-26,Kushtia,5:02 AM,6:12 PM
1910,10-03-26,Kushtia,5:01 AM,6:12 PM
1911,11-03-26,Kushtia,5:00 AM,6:13 PM
1912,12-03-26,Kushtia,4:59 AM,6:13 PM
1913,13-03-26,Kushtia,4:58 AM,6:14 PM
1914,14-03-26,Kushtia,4:57 AM,6:14 PM
1915,15-03-26,Kushtia,4:56 AM,6:14 PM
1916,16-03-26,Kushtia,4:55 AM,6:15 PM
1917,17-03-26,Kushtia,4:54 AM,6:15 PM
1918,18-03-26,Kushtia,4:53 AM,6:16 PM
1919,19-03-26,Kushtia,4:52 AM,6:16 PM
1920,20-03-26,Kushtia,4:51 AM,6:17 PM
